Entity,Code,Year,HIV Incidence per 1000 population - All ages estimate,Incidence - HIV/AIDS - Sex: Both - Age: All Ages (Rate),Total population (Gapminder),Continent
Abkhazia,OWID_ABK,2015,,,,Asia
Afghanistan,AFG,2011,0.02441,0.013233291,32358260,
Afghanistan,AFG,2012,0.02647,0.014765976,33397058,
Afghanistan,AFG,2013,0.02808,0.01682246,34499915,
Afghanistan,AFG,2014,0.02942,0.019240173,,
Afghanistan,AFG,2015,0.0306,0.021911584,,Asia
Afghanistan,AFG,2016,0.03122,0.024863265,,
Afghanistan,AFG,2017,,0.028068179,,
Akrotiri and Dhekelia,OWID_AKD,2015,,,,Asia
Albania,ALB,2011,0.05343,0.000847016,3215988,
Albania,ALB,2012,0.05945,0.000871378,3227373,
Albania,ALB,2013,0.06534,0.000905877,3238316,
Albania,ALB,2014,0.07103,0.000945765,,
Albania,ALB,2015,0.07605,0.000989321,,Europe
Albania,ALB,2016,0.0808,0.001039901,,
Albania,ALB,2017,,0.00109545,,
Algeria,DZA,2011,0.02273,0.029752729,35980193,
Algeria,DZA,2012,0.02235,0.029554696,36485828,
Algeria,DZA,2013,0.02175,0.02894188,36983924,
Algeria,DZA,2014,0.02242,0.027890268,,
Algeria,DZA,2015,0.02266,0.026416261,,Africa
Algeria,DZA,2016,0.02251,0.024534203,,
Algeria,DZA,2017,,0.022262072,,
American Samoa,ASM,2011,,0.008390851,69543,
American Samoa,ASM,2012,,0.008722169,70680,
American Samoa,ASM,2013,,0.009170291,71834,
American Samoa,ASM,2014,,0.009725092,,
American Samoa,ASM,2015,,0.010369842,,Oceania
American Samoa,ASM,2016,,0.011077467,,
American Samoa,ASM,2017,,0.011823139,,
Andean Latin America,,2011,,0.208486337,,
Andean Latin America,,2012,,0.210838154,,
Andean Latin America,,2013,,0.212398021,,
Andean Latin America,,2014,,0.212408117,,
Andean Latin America,,2015,,0.21054677,,
Andean Latin America,,2016,,0.206838806,,
Andean Latin America,,2017,,0.201484361,,
Andorra,AND,2011,,0.053291649,86165,
Andorra,AND,2012,,0.052698977,87518,
Andorra,AND,2013,,0.052349318,88909,
Andorra,AND,2014,,0.052860761,,
Andorra,AND,2015,,0.053854525,,Europe
Andorra,AND,2016,,0.055248802,,
Andorra,AND,2017,,0.05746114,,
Angola,AGO,2011,1.1284,1.235235801,19618432,
Angola,AGO,2012,1.11235,1.172010046,20162517,
Angola,AGO,2013,1.05987,1.093125823,20714494,
Angola,AGO,2014,0.99852,1.001190159,,
Angola,AGO,2015,0.96373,0.898856401,,Africa
Angola,AGO,2016,0.94,0.789139614,,
Angola,AGO,2017,,0.67433136,,
Anguilla,AIA,2011,,,15645,
Anguilla,AIA,2012,,,15911,
Anguilla,AIA,2013,,,16158,
Anguilla,AIA,2015,,,,North America
Antarctica,ATA,2015,,,,Antarctica
Antigua and Barbuda,ATG,2011,,0.099767972,89612,
Antigua and Barbuda,ATG,2012,,0.101768255,90510,
Antigua and Barbuda,ATG,2013,,0.103171917,91404,
Antigua and Barbuda,ATG,2014,,0.103861308,,
Antigua and Barbuda,ATG,2015,,0.103726963,,North America
Antigua and Barbuda,ATG,2016,,0.102661771,,
Antigua and Barbuda,ATG,2017,,0.100520167,,
Argentina,ARG,2011,0.13002,0.263013137,40764561,
Argentina,ARG,2012,0.12932,0.265270038,41118986,
Argentina,ARG,2013,0.12866,0.267772971,41473982,
Argentina,ARG,2014,0.12817,0.270846218,,
Argentina,ARG,2015,0.12773,0.273080082,,South America
Argentina,ARG,2016,0.1274,0.274251157,,
Argentina,ARG,2017,,0.275212506,,
Armenia,ARM,2011,0.06936,0.039028343,3100236,
Armenia,ARM,2012,0.07057,0.04160281,3108972,
Armenia,ARM,2013,0.0722,0.044283149,3117722,
Armenia,ARM,2014,0.07511,0.047000242,,
Armenia,ARM,2015,0.07945,0.049729172,,Asia
Armenia,ARM,2016,0.08526,0.05230109,,
Armenia,ARM,2017,,0.054489342,,
Aruba,ABW,2011,,,108141,
Aruba,ABW,2012,,,108587,
Aruba,ABW,2013,,,108883,
Aruba,ABW,2015,,,,North America
Asia and the Pacific,,2011,0.079626,,,
Asia and the Pacific,,2012,0.077286,,,
Asia and the Pacific,,2013,0.074902,,,
Asia and the Pacific,,2014,0.072425,,,
Asia and the Pacific,,2015,0.070197,,,
Asia and the Pacific,,2016,0.067069,,,
Australasia,,2011,,0.047785496,,
Australasia,,2012,,0.048754506,,
Australasia,,2013,,0.04991457,,
Australasia,,2014,,0.051219824,,
Australasia,,2015,,0.052661257,,
Australasia,,2016,,0.054151278,,
Australasia,,2017,,0.055656715,,
Australia,AUS,2011,0.04822,0.048402419,22605732,
Australia,AUS,2012,0.04802,0.049588416,22918688,
Australia,AUS,2013,0.04779,0.051018388,23213944,
Australia,AUS,2014,0.04755,0.052639301,,
Australia,AUS,2015,0.04727,0.054442021,,Oceania
Australia,AUS,2016,0.04694,0.056318615,,
Australia,AUS,2017,,0.058242963,,
Austria,AUT,2011,,0.077958674,8413429,
Austria,AUT,2012,,0.078031942,8428915,
Austria,AUT,2013,,0.078300984,8441263,
Austria,AUT,2014,,0.07856431,,
Austria,AUT,2015,,0.078727239,,Europe
Austria,AUT,2016,,0.078711651,,
Austria,AUT,2017,,0.078200125,,
Austria-Hungary,OWID_AUH,2015,,,,Europe
Azerbaijan,AZE,2011,0.09966,0.020516246,9306023,
Azerbaijan,AZE,2012,0.10085,0.022528321,9421233,
Azerbaijan,AZE,2013,0.10076,0.024687144,9533445,
Azerbaijan,AZE,2014,0.09997,0.02697064,,
Azerbaijan,AZE,2015,0.09834,0.029357806,,Asia
Azerbaijan,AZE,2016,0.09875,0.031813352,,
Azerbaijan,AZE,2017,,0.034355992,,
Baden,OWID_BAD,2015,,,,Europe
Bahamas,BHS,2011,,0.682106715,347176,
Bahamas,BHS,2012,,0.708647195,351275,
Bahamas,BHS,2013,,0.745661463,355233,
Bahamas,BHS,2014,,0.79159995,,
Bahamas,BHS,2015,,0.845254017,,North America
Bahamas,BHS,2016,,0.90548466,,
Bahamas,BHS,2017,,0.971419075,,
Bahrain,BHR,2011,0.03556,0.015742182,1323535,
Bahrain,BHR,2012,0.03551,0.015619901,1359485,
Bahrain,BHR,2013,0.03549,0.015455256,1377273,
Bahrain,BHR,2014,0.03548,0.015193188,,
Bahrain,BHR,2015,0.03552,0.014809172,,Asia
Bahrain,BHR,2016,0.03552,0.014271442,,
Bahrain,BHR,2017,,0.013713713,,
Bangladesh,BGD,2011,0.00866,0.007883626,150493658,
Bangladesh,BGD,2012,0.00892,0.007788271,152408774,
Bangladesh,BGD,2013,0.00898,0.007620716,154393847,
Bangladesh,BGD,2014,0.00903,0.007372617,,
Bangladesh,BGD,2015,0.00917,0.007038814,,Asia
Bangladesh,BGD,2016,0.00923,0.006612145,,
Bangladesh,BGD,2017,,0.006088114,,
Barbados,BRB,2011,0.59986,0.227464883,273925,
Barbados,BRB,2012,0.59525,0.225821983,274530,
Barbados,BRB,2013,0.5928,0.225325472,275141,
Barbados,BRB,2014,0.58601,0.225768383,,
Barbados,BRB,2015,0.58426,0.227231559,,North America
Barbados,BRB,2016,0.57524,0.229949206,,
Barbados,BRB,2017,,0.234243425,,
Bavaria,OWID_BAV,2015,,,,Europe
Belarus,BLR,2011,,0.115746404,9559441,
Belarus,BLR,2012,,0.13084789,9527498,
Belarus,BLR,2013,,0.150965368,9498290,
Belarus,BLR,2014,,0.175507906,,
Belarus,BLR,2015,,0.203676207,,Europe
Belarus,BLR,2016,,0.234794382,,
Belarus,BLR,2017,,0.267906989,,
Belgium,BEL,2011,,0.091007065,10754056,
Belgium,BEL,2012,,0.090874147,10787788,
Belgium,BEL,2013,,0.091469613,10815599,
Belgium,BEL,2014,,0.092711331,,
Belgium,BEL,2015,,0.094648223,,Europe
Belgium,BEL,2016,,0.097306961,,
Belgium,BEL,2017,,0.100455763,,
Belize,BLZ,2011,0.76888,0.469735239,317928,
Belize,BLZ,2012,0.76887,0.485894283,324292,
Belize,BLZ,2013,0.74111,0.507379479,330721,
Belize,BLZ,2014,0.73796,0.533559193,,
Belize,BLZ,2015,0.73224,0.563903599,,North America
Belize,BLZ,2016,0.74835,0.598045459,,
Belize,BLZ,2017,,0.635516992,,
Benin,BEN,2011,0.451513,0.508923046,9099922,
Benin,BEN,2012,0.441482,0.487424817,9351838,
Benin,BEN,2013,0.440994,0.459739868,9606534,
Benin,BEN,2014,0.427421,0.426401743,,
Benin,BEN,2015,0.376825,0.387640157,,Africa
Benin,BEN,2016,0.344551,0.343643765,,
Benin,BEN,2017,,0.294818699,,
Bermuda,BMU,2011,,0.100790164,65077,
Bermuda,BMU,2012,,0.100581143,65208,
Bermuda,BMU,2013,,0.099670243,65335,
Bermuda,BMU,2014,,0.097986297,,
Bermuda,BMU,2015,,0.095459686,,North America
Bermuda,BMU,2016,,0.091897708,,
Bermuda,BMU,2017,,0.087219412,,
Bhutan,BTN,2011,,0.133168523,738267,
Bhutan,BTN,2012,,0.136240153,750443,
Bhutan,BTN,2013,,0.138560329,762313,
Bhutan,BTN,2014,,0.140236002,,
Bhutan,BTN,2015,,0.141338003,,Asia
Bhutan,BTN,2016,,0.141665318,,
Bhutan,BTN,2017,,0.141233012,,
Bolivia,BOL,2011,0.10593,0.227478794,10088108,
Bolivia,BOL,2012,0.10019,0.230222924,10248042,
Bolivia,BOL,2013,0.10092,0.231591905,10409761,
Bolivia,BOL,2014,0.10254,0.231233074,,
Bolivia,BOL,2015,0.1031,0.228625614,,South America
Bolivia,BOL,2016,0.10388,0.22348534,,
Bolivia,BOL,2017,,0.216043615,,
Bonaire Sint Eustatius and Saba,BES,2015,,,,North America
Bosnia and Herzegovina,BIH,2011,,0.000897097,3752228,
Bosnia and Herzegovina,BIH,2012,,0.000924525,3744235,
Bosnia and Herzegovina,BIH,2013,,0.000948371,3735880,
Bosnia and Herzegovina,BIH,2014,,0.000966798,,
Bosnia and Herzegovina,BIH,2015,,0.000981761,,Europe
Bosnia and Herzegovina,BIH,2016,,0.000993233,,
Bosnia and Herzegovina,BIH,2017,,0.001000912,,
Botswana,BWA,2011,7.6684,7.367810379,2030738,
Botswana,BWA,2012,7.52955,7.149919882,2053237,
Botswana,BWA,2013,7.25618,6.788179693,2074616,
Botswana,BWA,2014,6.76369,6.285163016,,
Botswana,BWA,2015,6.18001,5.646707091,,Africa
Botswana,BWA,2016,5.51688,4.877973468,,
Botswana,BWA,2017,,3.98644851,,
Bouvet Island,BVT,2015,,,,Antarctica
Brazil,BRA,2011,0.24247,0.326732357,196655014,
Brazil,BRA,2012,0.24153,0.336723217,198360943,
Brazil,BRA,2013,0.24085,0.347493935,200050487,
Brazil,BRA,2014,0.23996,0.358804134,,
Brazil,BRA,2015,0.23877,0.370486302,,South America
Brazil,BRA,2016,0.23651,0.382147907,,
Brazil,BRA,2017,,0.393426929,,
British Indian Ocean Territory,IOT,2015,,,,Asia
British Virgin Islands,VGB,2011,,,23478,
British Virgin Islands,VGB,2012,,,23705,
British Virgin Islands,VGB,2013,,,23928,
British Virgin Islands,VGB,2015,,,,North America
Brunei,BRN,2011,,0.064503525,405938,
Brunei,BRN,2012,,0.066969139,412892,
Brunei,BRN,2013,,0.06973183,419772,
Brunei,BRN,2014,,0.07276407,,
Brunei,BRN,2015,,0.075925577,,Asia
Brunei,BRN,2016,,0.079230142,,
Brunei,BRN,2017,,0.082546194,,
Bulgaria,BGR,2016,0.03108,0.01697616,,
Bulgaria,BGR,2011,,0.013243225,7446135,
Bulgaria,BGR,2012,,0.013548319,7397873,
Bulgaria,BGR,2013,,0.014104909,7349462,
Bulgaria,BGR,2014,,0.014899943,,
Bulgaria,BGR,2015,,0.015865245,,Europe
Bulgaria,BGR,2017,,0.01819142,,
Burkina Faso,BFA,2011,0.25046,0.155616861,16967845,
Burkina Faso,BFA,2012,0.23763,0.14864924,17481984,
Burkina Faso,BFA,2013,0.23684,0.143236344,18011507,
Burkina Faso,BFA,2014,0.21914,0.13988513,,
Burkina Faso,BFA,2015,0.19129,0.139210435,,Africa
Burkina Faso,BFA,2016,0.18824,0.141886941,,
Burkina Faso,BFA,2017,,0.148545874,,
Burundi,BDI,2011,0.44241,0.17913506,8575172,
Burundi,BDI,2012,0.39419,0.178245512,8749387,
Burundi,BDI,2013,0.34379,0.184310828,8911183,
Burundi,BDI,2014,0.3034,0.19655879,,
Burundi,BDI,2015,0.23664,0.215554984,,Africa
Burundi,BDI,2016,0.19519,0.242945877,,
Burundi,BDI,2017,,0.278403141,,
Cambodia,KHM,2011,0.09042,0.153822057,14305183,
Cambodia,KHM,2012,0.0775,0.143731311,14478320,
Cambodia,KHM,2013,0.06608,0.131348262,14656016,
Cambodia,KHM,2014,0.05607,0.11698097,,
Cambodia,KHM,2015,0.04791,0.100903606,,Asia
Cambodia,KHM,2016,0.04311,0.083412518,,
Cambodia,KHM,2017,,0.064889355,,
Cameroon,CMR,2011,1.77226,1.561276777,20030362,
Cameroon,CMR,2012,1.6695,1.447621033,20468943,
Cameroon,CMR,2013,1.56574,1.341976558,20913595,
Cameroon,CMR,2014,1.52112,1.246913194,,
Cameroon,CMR,2015,1.42066,1.164964211,,Africa
Cameroon,CMR,2016,1.39374,1.098239605,,
Cameroon,CMR,2017,,1.049279163,,
Canada,CAN,2011,,0.064151957,34349561,
Canada,CAN,2012,,0.06709515,34674708,
Canada,CAN,2013,,0.071201633,34993747,
Canada,CAN,2014,,0.076403125,,
Canada,CAN,2015,,0.082636873,,North America
Canada,CAN,2016,,0.089881747,,
Canada,CAN,2017,,0.098152568,,
Cape Verde,CPV,2016,0.3069,0.57937593,,
Cape Verde,CPV,2011,,0.536277684,500585,
Cape Verde,CPV,2012,,0.540989643,505335,
Cape Verde,CPV,2013,,0.547544967,510213,
Cape Verde,CPV,2014,,0.556147371,,
Cape Verde,CPV,2015,,0.566782697,,Africa
Cape Verde,CPV,2017,,0.594315492,,
Caribbean,,2011,0.504707,0.489943393,,
Caribbean,,2012,0.492134,0.480670685,,
Caribbean,,2013,0.485722,0.469555593,,
Caribbean,,2014,0.479105,0.456568463,,
Caribbean,,2015,0.471018,0.441738804,,
Caribbean,,2016,0.465648,0.425133802,,
Caribbean,,2017,,0.406843529,,
Cayman Islands,CYM,2011,,,56729,
Cayman Islands,CYM,2012,,,57223,
Cayman Islands,CYM,2013,,,57708,
Cayman Islands,CYM,2015,,,,North America
Central African Republic,CAF,2011,2.0934,1.166761574,4486837,
Central African Republic,CAF,2012,2.09034,1.115760183,4575586,
Central African Republic,CAF,2013,2.10899,1.067850872,4666833,
Central African Republic,CAF,2014,2.03703,1.036224091,,
Central African Republic,CAF,2015,1.93695,1.029176491,,Africa
Central African Republic,CAF,2016,1.80415,1.043755608,,
Central African Republic,CAF,2017,,1.079433493,,
Central Asia,,2011,,0.044094814,,
Central Asia,,2012,,0.047761409,,
Central Asia,,2013,,0.052467832,,
Central Asia,,2014,,0.058156677,,
Central Asia,,2015,,0.064768623,,
Central Asia,,2016,,0.072171067,,
Central Asia,,2017,,0.080340446,,
Central Europe,,2011,,0.020688147,,
Central Europe,,2012,,0.020337508,,
Central Europe,,2013,,0.019985716,,
Central Europe,,2014,,0.019634057,,
Central Europe,,2015,,0.019268068,,
Central Europe,,2016,,0.018895286,,
Central Europe,,2017,,0.018523934,,
"Central Europe, Eastern Europe, and Central Asia",,2011,,0.212916994,,
"Central Europe, Eastern Europe, and Central Asia",,2012,,0.241013002,,
"Central Europe, Eastern Europe, and Central Asia",,2013,,0.273632721,,
"Central Europe, Eastern Europe, and Central Asia",,2014,,0.30986475,,
"Central Europe, Eastern Europe, and Central Asia",,2015,,0.349083825,,
"Central Europe, Eastern Europe, and Central Asia",,2016,,0.390637412,,
"Central Europe, Eastern Europe, and Central Asia",,2017,,0.433493147,,
Central Latin America,,2011,,0.147592014,,
Central Latin America,,2012,,0.151756252,,
Central Latin America,,2013,,0.15661813,,
Central Latin America,,2014,,0.162019849,,
Central Latin America,,2015,,0.167762794,,
Central Latin America,,2016,,0.173558314,,
Central Latin America,,2017,,0.179273994,,
Central Sub-Saharan Africa,,2011,,0.605062187,,
Central Sub-Saharan Africa,,2012,,0.5740104,,
Central Sub-Saharan Africa,,2013,,0.539592866,,
Central Sub-Saharan Africa,,2014,,0.504047458,,
Central Sub-Saharan Africa,,2015,,0.469215585,,
Central Sub-Saharan Africa,,2016,,0.435902718,,
Central Sub-Saharan Africa,,2017,,0.405078893,,
Chad,TCD,2011,0.50365,0.690571986,11525496,
Chad,TCD,2012,0.47538,0.661231382,11830573,
Chad,TCD,2013,0.43175,0.63460139,12141876,
Chad,TCD,2014,0.4404,0.61101256,,
Chad,TCD,2015,0.36803,0.59086939,,Africa
Chad,TCD,2016,0.33961,0.574422073,,
Chad,TCD,2017,,0.56215561,,
Channel Islands,OWID_CIS,2015,,,,Europe
Chile,CHL,2011,0.23179,0.182393215,17269525,
Chile,CHL,2012,0.23988,0.188844943,17423214,
Chile,CHL,2013,0.25002,0.196147165,17574464,
Chile,CHL,2014,0.26,0.204173312,,
Chile,CHL,2015,0.27038,0.212637505,,South America
Chile,CHL,2016,0.2808,0.221332346,,
Chile,CHL,2017,,0.230148092,,
China,CHN,2011,,0.039113109,1347565324,
China,CHN,2012,,0.037180771,1353600687,
China,CHN,2013,,0.034984549,1359368470,
China,CHN,2014,,0.032463853,,
China,CHN,2015,,0.029639733,,Asia
China,CHN,2016,,0.02671671,,
China,CHN,2017,,0.023596132,,
Christmas Island,CXR,2015,,,,Asia
Cocos Islands,CCK,2015,,,,Asia
Colombia,COL,2011,0.15041,0.132634934,46927125,
Colombia,COL,2012,0.1423,0.139703473,47550708,
Colombia,COL,2013,0.13637,0.147935045,48165221,
Colombia,COL,2014,0.13046,0.157074976,,
Colombia,COL,2015,0.12438,0.166902588,,South America
Colombia,COL,2016,0.11742,0.177311477,,
Colombia,COL,2017,,0.188090746,,
Comoros,COM,2011,0.01351,0.003867327,753943,
Comoros,COM,2012,0.01262,0.004959501,773344,
Comoros,COM,2013,0.0123,0.006688078,792913,
Comoros,COM,2014,0.01119,0.008989946,,
Comoros,COM,2015,0.01042,0.011801621,,Africa
Comoros,COM,2016,0.00917,0.015064952,,
Comoros,COM,2017,,0.01872074,,
Congo,COG,2011,1.62455,1.70647604,4139748,
Congo,COG,2012,1.60917,1.657747287,4233063,
Congo,COG,2013,1.62048,1.607067846,4324199,
Congo,COG,2014,1.65887,1.556146196,,
Congo,COG,2015,1.68159,1.507578094,,Africa
Congo,COG,2016,1.6459,1.461533084,,
Congo,COG,2017,,1.417929605,,
Cook Islands,COK,2011,,,20414,
Cook Islands,COK,2012,,,20528,
Cook Islands,COK,2013,,,20635,
Cook Islands,COK,2015,,,,Oceania
Costa Rica,CRI,2011,0.17923,0.093634037,4726575,
Costa Rica,CRI,2012,0.18234,0.092933612,4793725,
Costa Rica,CRI,2013,0.18477,0.091768277,4859957,
Costa Rica,CRI,2014,0.18676,0.09018385,,
Costa Rica,CRI,2015,0.18892,0.088178221,,North America
Costa Rica,CRI,2016,0.19039,0.085765554,,
Costa Rica,CRI,2017,,0.082969095,,
Cote d'Ivoire,CIV,2011,1.21962,1.308406153,20152894,
Cote d'Ivoire,CIV,2012,1.18754,1.314780253,20594615,
Cote d'Ivoire,CIV,2013,1.09769,1.349928906,21057316,
Cote d'Ivoire,CIV,2014,1.04152,1.415469362,,
Cote d'Ivoire,CIV,2015,0.950619,1.51304661,,Africa
Cote d'Ivoire,CIV,2016,0.862295,1.644250541,,
Cote d'Ivoire,CIV,2017,,1.810667569,,
Croatia,HRV,2011,0.02099,0.010720969,4395560,
Croatia,HRV,2012,0.02088,0.010835255,4387376,
Croatia,HRV,2013,0.02057,0.010917534,4378806,
Croatia,HRV,2014,0.02009,0.010939453,,
Croatia,HRV,2015,0.01943,0.010898343,,Europe
Croatia,HRV,2016,0.01944,0.010777226,,
Croatia,HRV,2017,,0.010512373,,
Cuba,CUB,2011,0.16643,0.206136281,11253665,
Cuba,CUB,2012,0.18711,0.215007156,11249266,
Cuba,CUB,2013,0.21071,0.223395736,11244424,
Cuba,CUB,2014,0.23617,0.230988723,,
Cuba,CUB,2015,0.26273,0.237582416,,North America
Cuba,CUB,2016,0.29286,0.243161525,,
Cuba,CUB,2017,,0.247390642,,
Curacao,CUW,2015,,,,North America
Cyprus,CYP,2011,,0.074197969,1116564,
Cyprus,CYP,2012,,0.077001604,1129166,
Cyprus,CYP,2013,,0.079721769,1141453,
Cyprus,CYP,2014,,0.082417591,,
Cyprus,CYP,2015,,0.084917864,,Europe
Cyprus,CYP,2016,,0.08687292,,
Cyprus,CYP,2017,,0.088066036,,
Czechia,CZE,2011,0.02166,0.010564102,10534293,
Czechia,CZE,2012,0.02385,0.010632719,10565678,
Czechia,CZE,2013,0.02624,0.010649878,10589806,
Czechia,CZE,2014,0.02889,0.010587814,,
Czechia,CZE,2015,0.03181,0.010455929,,Europe
Czechia,CZE,2016,0.03505,0.010244142,,
Czechia,CZE,2017,,0.009952026,,
Czechoslovakia,OWID_CZS,2015,,,,Europe
Democratic Republic of Congo,COD,2011,0.29821,0.227235216,67757577,
Democratic Republic of Congo,COD,2012,0.27289,0.211468734,69575394,
Democratic Republic of Congo,COD,2013,0.24277,0.198434426,71419669,
Democratic Republic of Congo,COD,2014,0.21648,0.188945296,,
Democratic Republic of Congo,COD,2015,0.18988,0.183698087,,Africa
Democratic Republic of Congo,COD,2016,0.16576,0.183231079,,
Democratic Republic of Congo,COD,2017,,0.188265068,,
Denmark,DNK,2011,,0.070309013,5572594,
Denmark,DNK,2012,,0.070692128,5592738,
Denmark,DNK,2013,,0.071091109,5611187,
Denmark,DNK,2014,,0.071438159,,
Denmark,DNK,2015,,0.071659475,,Europe
Denmark,DNK,2016,,0.071625085,,
Denmark,DNK,2017,,0.071261898,,
Djibouti,DJI,2011,0.64572,0.681097953,905564,
Djibouti,DJI,2012,0.65416,0.664921933,922708,
Djibouti,DJI,2013,0.65708,0.655272475,940090,
Djibouti,DJI,2014,0.63648,0.65454593,,
Djibouti,DJI,2015,0.61352,0.666565425,,Africa
Djibouti,DJI,2016,0.5752,0.693312576,,
Djibouti,DJI,2017,,0.736350168,,
Dominica,DMA,2011,,0.103135815,67675,
Dominica,DMA,2012,,0.104302781,67665,
Dominica,DMA,2013,,0.104692724,67702,
Dominica,DMA,2014,,0.10418794,,
Dominica,DMA,2015,,0.102690591,,North America
Dominica,DMA,2016,,0.10003163,,
Dominica,DMA,2017,,0.096182553,,
Dominican Republic,DOM,2011,0.27731,0.448698317,10056181,
Dominican Republic,DOM,2012,0.27565,0.43845978,10183339,
Dominican Republic,DOM,2013,0.27938,0.42758369,10308609,
Dominican Republic,DOM,2014,0.26928,0.41602928,,
Dominican Republic,DOM,2015,0.25687,0.403933667,,North America
Dominican Republic,DOM,2016,0.24255,0.391557041,,
Dominican Republic,DOM,2017,,0.379327967,,
East Asia,,2011,,0.038858463,,
East Asia,,2012,,0.036967059,,
East Asia,,2013,,0.034822038,,
East Asia,,2014,,0.032366103,,
East Asia,,2015,,0.029620384,,
East Asia,,2016,,0.026782439,,
East Asia,,2017,,0.023757913,,
East Germany,OWID_GDR,2015,,,,Europe
East and Southern Africa,,2011,2.94225,,,
East and Southern Africa,,2012,2.74671,,,
East and Southern Africa,,2013,2.52615,,,
East and Southern Africa,,2014,2.29231,,,
East and Southern Africa,,2015,2.1106,,,
East and Southern Africa,,2016,1.91325,,,
Eastern Europe,,2011,,0.385887392,,
Eastern Europe,,2012,,0.440293247,,
Eastern Europe,,2013,,0.503356514,,
Eastern Europe,,2014,,0.573296941,,
Eastern Europe,,2015,,0.649109702,,
Eastern Europe,,2016,,0.729634219,,
Eastern Europe,,2017,,0.812896925,,
Eastern Europe and Central Asia,,2011,0.447019,,,
Eastern Europe and Central Asia,,2012,0.482643,,,
Eastern Europe and Central Asia,,2013,0.518766,,,
Eastern Europe and Central Asia,,2014,0.555752,,,
Eastern Europe and Central Asia,,2015,0.599267,,,
Eastern Europe and Central Asia,,2016,0.64591,,,
Eastern Sub-Saharan Africa,,2011,,1.765824304,,
Eastern Sub-Saharan Africa,,2012,,1.676346418,,
Eastern Sub-Saharan Africa,,2013,,1.57396403,,
Eastern Sub-Saharan Africa,,2014,,1.462765692,,
Eastern Sub-Saharan Africa,,2015,,1.345784969,,
Eastern Sub-Saharan Africa,,2016,,1.224924972,,
Eastern Sub-Saharan Africa,,2017,,1.104072913,,
Ecuador,ECU,2016,0.12095,0.182547633,,
Ecuador,ECU,2011,,0.168761984,14666055,
Ecuador,ECU,2012,,0.170774653,14864987,
Ecuador,ECU,2013,,0.173329772,15061398,
Ecuador,ECU,2014,,0.176260085,,
Ecuador,ECU,2015,,0.179406929,,South America
Ecuador,ECU,2017,,0.185939702,,
Egypt,EGY,2011,0.01187,0.003969837,82536770,
Egypt,EGY,2012,0.01281,0.004215223,83958369,
Egypt,EGY,2013,0.01376,0.004482155,85378440,
Egypt,EGY,2014,0.01479,0.004765157,,
Egypt,EGY,2015,0.01591,0.005066809,,Africa
Egypt,EGY,2016,0.01703,0.005399455,,
Egypt,EGY,2017,,0.005772832,,
El Salvador,SLV,2011,0.22466,0.320277426,6227491,
El Salvador,SLV,2012,0.20989,0.31191241,6264129,
El Salvador,SLV,2013,0.19654,0.299510955,6302723,
El Salvador,SLV,2014,0.18381,0.282901022,,
El Salvador,SLV,2015,0.17268,0.26182726,,North America
El Salvador,SLV,2016,0.16211,0.235876977,,
El Salvador,SLV,2017,,0.204892252,,
England,,2011,,0.090543103,,
England,,2012,,0.090807345,,
England,,2013,,0.091810687,,
England,,2014,,0.093579138,,
England,,2015,,0.09597537,,
England,,2016,,0.099099801,,
England,,2017,,0.102524906,,
Equatorial Guinea,GNQ,2011,3.70176,3.851467538,720213,
Equatorial Guinea,GNQ,2012,3.53559,3.677711909,740471,
Equatorial Guinea,GNQ,2013,3.18406,3.421856515,761050,
Equatorial Guinea,GNQ,2014,2.85143,3.093077018,,
Equatorial Guinea,GNQ,2015,2.88597,2.699691814,,Africa
Equatorial Guinea,GNQ,2016,2.71011,2.250073271,,
Equatorial Guinea,GNQ,2017,,1.754352178,,
Eritrea,ERI,2011,0.13287,0.267330048,5415280,
Eritrea,ERI,2012,0.12439,0.268010696,5580862,
Eritrea,ERI,2013,0.12468,0.271066746,5748304,
Eritrea,ERI,2014,0.12465,0.276189361,,
Eritrea,ERI,2015,0.1382,0.283177283,,Africa
Eritrea,ERI,2016,0.14643,0.291597705,,
Eritrea,ERI,2017,,0.301549189,,
Eritrea and Ethiopia,OWID_ERE,2015,,,,Africa
Estonia,EST,2011,,0.203074477,1340537,
Estonia,EST,2012,,0.197963796,1339762,
Estonia,EST,2013,,0.191791165,1338832,
Estonia,EST,2014,,0.184466345,,
Estonia,EST,2015,,0.176403573,,Europe
Estonia,EST,2016,,0.167540824,,
Estonia,EST,2017,,0.157219776,,
Eswatini,SWZ,2011,14.3045,16.36802949,1203330,
Eswatini,SWZ,2012,13.9335,15.15889281,1220408,
Eswatini,SWZ,2013,13.1656,13.37051107,1237166,
Eswatini,SWZ,2014,11.9786,11.08603522,,
Eswatini,SWZ,2015,10.6021,8.390578443,,Africa
Eswatini,SWZ,2016,9.36758,5.367383227,,
Eswatini,SWZ,2017,,2.099081804,,
Ethiopia,ETH,2011,0.305223,0.186012322,84734262,
Ethiopia,ETH,2012,0.310279,0.178837289,86538534,
Ethiopia,ETH,2013,0.320469,0.171555836,88356373,
Ethiopia,ETH,2014,0.328473,0.164080112,,
Ethiopia,ETH,2015,0.33857,0.156546748,,Africa
Ethiopia,ETH,2016,0.332628,0.148789542,,
Ethiopia,ETH,2017,,0.140779549,,
Faeroe Islands,FRO,2011,,,48863,
Faeroe Islands,FRO,2012,,,49075,
Faeroe Islands,FRO,2013,,,49326,
Faeroe Islands,FRO,2015,,,,Europe
Falkland Islands,FLK,2015,,,,South America
Fiji,FJI,2016,0.11629,0.048656565,,
Fiji,FJI,2011,,0.037281514,868406,
Fiji,FJI,2012,,0.038875623,875822,
Fiji,FJI,2013,,0.040884936,882863,
Fiji,FJI,2014,,0.043224067,,
Fiji,FJI,2015,,0.045836696,,Oceania
Fiji,FJI,2017,,0.051657864,,
Finland,FIN,2011,,0.031782666,5384770,
Finland,FIN,2012,,0.031352728,5402627,
Finland,FIN,2013,,0.030917966,5418763,
Finland,FIN,2014,,0.030547934,,
Finland,FIN,2015,,0.030141246,,Europe
Finland,FIN,2016,,0.029699662,,
Finland,FIN,2017,,0.029248387,,
France,FRA,2011,0.0985,0.061168209,63125894,
France,FRA,2012,0.09774,0.0616599,63457777,
France,FRA,2013,0.09698,0.063086365,63782963,
France,FRA,2014,0.09623,0.065490309,,
France,FRA,2015,0.09555,0.06891831,,Europe
France,FRA,2016,0.09492,0.073396321,,
France,FRA,2017,,0.078947429,,
French Guiana,GUF,2011,,,237080,
French Guiana,GUF,2012,,,243172,
French Guiana,GUF,2013,,,249408,
French Guiana,GUF,2015,,,,South America
French Polynesia,PYF,2011,,,273777,
French Polynesia,PYF,2012,,,276731,
French Polynesia,PYF,2013,,,279632,
French Polynesia,PYF,2015,,,,Oceania
French Southern Territories,ATF,2015,,,,Antarctica
Gabon,GAB,2011,1.50986,1.161936395,1534262,
Gabon,GAB,2012,1.45889,1.05395042,1563873,
Gabon,GAB,2013,1.34165,0.938991,1594205,
Gabon,GAB,2014,1.21038,0.817867638,,
Gabon,GAB,2015,1.09702,0.69134958,,Africa
Gabon,GAB,2016,0.92293,0.560176226,,
Gabon,GAB,2017,,0.425715817,,
Gambia,GMB,2011,0.90886,0.910650256,1776103,
Gambia,GMB,2012,0.8089,0.841365731,1824777,
Gambia,GMB,2013,0.781,0.775040415,1874360,
Gambia,GMB,2014,0.7448,0.713295159,,
Gambia,GMB,2015,0.68714,0.657270179,,Africa
Gambia,GMB,2016,0.65106,0.608206735,,
Gambia,GMB,2017,,0.567730788,,
Georgia,GEO,2011,0.27268,0.14058816,4329026,
Georgia,GEO,2012,0.28433,0.140987927,4304363,
Georgia,GEO,2013,0.28236,0.139599572,4278410,
Georgia,GEO,2014,0.28693,0.135932197,,
Georgia,GEO,2015,0.28655,0.129494372,,Asia
Georgia,GEO,2016,0.28274,0.119673093,,
Georgia,GEO,2017,,0.105963953,,
Germany,DEU,2011,,0.073896135,82162512,
Germany,DEU,2012,,0.075305872,81990837,
Germany,DEU,2013,,0.076510299,81804228,
Germany,DEU,2014,,0.077301914,,
Germany,DEU,2015,,0.077814728,,Europe
Germany,DEU,2016,,0.077954038,,
Germany,DEU,2017,,0.077229804,,
Ghana,GHA,2011,0.70914,0.639958623,24965816,
Ghana,GHA,2012,0.70596,0.630897046,25545939,
Ghana,GHA,2013,0.73857,0.629651399,26131336,
Ghana,GHA,2014,0.758,0.638181546,,
Ghana,GHA,2015,0.78683,0.660661935,,Africa
Ghana,GHA,2016,0.77614,0.701364789,,
Ghana,GHA,2017,,0.764892147,,
Gibraltar,GIB,2011,,,29254,
Gibraltar,GIB,2012,,,29278,
Gibraltar,GIB,2013,,,29309,
Gibraltar,GIB,2015,,,,Europe
Greece,GRC,2011,,0.061482296,11390031,
Greece,GRC,2012,,0.060043145,11418878,
Greece,GRC,2013,,0.058182227,11445691,
Greece,GRC,2014,,0.056154997,,
Greece,GRC,2015,,0.05395793,,Europe
Greece,GRC,2016,,0.051602161,,
Greece,GRC,2017,,0.049417193,,
Greenland,GRL,2011,,0.13868926,57296,
Greenland,GRL,2012,,0.144458307,57300,
Greenland,GRL,2013,,0.151330396,57300,
Greenland,GRL,2014,,0.159706025,,
Greenland,GRL,2015,,0.169720151,,North America
Greenland,GRL,2016,,0.181084761,,
Greenland,GRL,2017,,0.193907724,,
Grenada,GRD,2011,,0.072079593,104890,
Grenada,GRD,2012,,0.071415456,105303,
Grenada,GRD,2013,,0.070196713,105719,
Grenada,GRD,2014,,0.068370382,,
Grenada,GRD,2015,,0.065869844,,North America
Grenada,GRD,2016,,0.062600772,,
Grenada,GRD,2017,,0.058492377,,
Guadeloupe,GLP,2011,,,463069,
Guadeloupe,GLP,2012,,,465282,
Guadeloupe,GLP,2013,,,467335,
Guadeloupe,GLP,2015,,,,North America
Guam,GUM,2011,,0.034216396,182111,
Guam,GUM,2012,,0.035657241,184334,
Guam,GUM,2013,,0.03728382,186562,
Guam,GUM,2014,,0.039065182,,
Guam,GUM,2015,,0.040968633,,Oceania
Guam,GUM,2016,,0.042906217,,
Guam,GUM,2017,,0.04484579,,
Guatemala,GTM,2011,0.17091,0.091419488,14757316,
Guatemala,GTM,2012,0.17674,0.093740001,15137569,
Guatemala,GTM,2013,0.17422,0.097995027,15527502,
Guatemala,GTM,2014,0.17451,0.104083912,,
Guatemala,GTM,2015,0.1767,0.112304597,,North America
Guatemala,GTM,2016,0.17661,0.123003674,,
Guatemala,GTM,2017,,0.13645314,,
Guernsey,GGY,2015,,,,Europe
Guinea,GIN,2011,0.79367,0.729663111,10221808,
Guinea,GIN,2012,0.76549,0.68184293,10480710,
Guinea,GIN,2013,0.6706,0.635022376,10753680,
Guinea,GIN,2014,0.67525,0.590539874,,
Guinea,GIN,2015,0.71818,0.549202478,,Africa
Guinea,GIN,2016,0.66773,0.512369553,,
Guinea,GIN,2017,,0.48218991,,
Guinea-Bissau,GNB,2011,1.41853,1.90389245,1547061,
Guinea-Bissau,GNB,2012,1.214,1.791876968,1579632,
Guinea-Bissau,GNB,2013,0.96084,1.67581281,1612913,
Guinea-Bissau,GNB,2014,0.93095,1.560142302,,
Guinea-Bissau,GNB,2015,0.89734,1.449206011,,Africa
Guinea-Bissau,GNB,2016,0.72082,1.34663167,,
Guinea-Bissau,GNB,2017,,1.256771157,,
Guyana,GUY,2011,0.6178,1.062123173,756040,
Guyana,GUY,2012,0.64117,1.040177175,757623,
Guyana,GUY,2013,0.66302,1.009246717,759262,
Guyana,GUY,2014,0.6985,0.970525557,,
Guyana,GUY,2015,0.73222,0.924137034,,South America
Guyana,GUY,2016,0.7676,0.869811543,,
Guyana,GUY,2017,,0.808043184,,
Haiti,HTI,2011,1.04958,1.028685356,10123787,
Haiti,HTI,2012,0.97524,0.978605631,10255644,
Haiti,HTI,2013,0.91417,0.923888805,10388424,
Haiti,HTI,2014,0.86567,0.865067897,,
Haiti,HTI,2015,0.81334,0.802709936,,North America
Haiti,HTI,2016,0.77314,0.737177261,,
Haiti,HTI,2017,,0.668962058,,
Hanover,OWID_HAN,2015,,,,Europe
Heard Island and McDonald Islands,HMD,2015,,,,Antarctica
Hesse Electoral,OWID_HSE,2015,,,,Europe
Hesse Grand Ducal,OWID_HSG,2015,,,,Europe
High SDI,,2011,,0.072648923,,
High SDI,,2012,,0.07372031,,
High SDI,,2013,,0.07541948,,
High SDI,,2014,,0.077702843,,
High SDI,,2015,,0.080501384,,
High SDI,,2016,,0.083839974,,
High SDI,,2017,,0.087577515,,
High-income,,2011,,0.094739425,,
High-income,,2012,,0.096216344,,
High-income,,2013,,0.09854248,,
High-income,,2014,,0.101665686,,
High-income,,2015,,0.105412806,,
High-income,,2016,,0.109761705,,
High-income,,2017,,0.114630532,,
High-income Asia Pacific,,2011,,0.016675423,,
High-income Asia Pacific,,2012,,0.016457664,,
High-income Asia Pacific,,2013,,0.016246497,,
High-income Asia Pacific,,2014,,0.01607001,,
High-income Asia Pacific,,2015,,0.016018752,,
High-income Asia Pacific,,2016,,0.016018378,,
High-income Asia Pacific,,2017,,0.015903362,,
High-middle SDI,,2011,,0.106990629,,
High-middle SDI,,2012,,0.11598468,,
High-middle SDI,,2013,,0.126527604,,
High-middle SDI,,2014,,0.138329233,,
High-middle SDI,,2015,,0.151171898,,
High-middle SDI,,2016,,0.164643346,,
High-middle SDI,,2017,,0.178360202,,
Honduras,HND,2011,0.11142,0.061581986,7754687,
Honduras,HND,2012,0.11246,0.060542485,7912032,
Honduras,HND,2013,0.11404,0.059164285,8071522,
Honduras,HND,2014,0.11434,0.057430284,,
Honduras,HND,2015,0.11474,0.055483816,,North America
Honduras,HND,2016,0.11449,0.053098151,,
Honduras,HND,2017,,0.050420516,,
Hong Kong,HKG,2011,,,7122187,
Hong Kong,HKG,2012,,,7196450,
Hong Kong,HKG,2013,,,7274125,
Hong Kong,HKG,2015,,,,Asia
Hungary,HUN,2011,,0.009203539,9966116,
Hungary,HUN,2012,,0.009539409,9949589,
Hungary,HUN,2013,,0.009995596,9933795,
Hungary,HUN,2014,,0.010577673,,
Hungary,HUN,2015,,0.01130663,,Europe
Hungary,HUN,2016,,0.012179666,,
Hungary,HUN,2017,,0.013181675,,
Iceland,ISL,2011,,0.035997802,324366,
Iceland,ISL,2012,,0.035722288,328290,
Iceland,ISL,2013,,0.037203897,331996,
Iceland,ISL,2014,,0.040497992,,
Iceland,ISL,2015,,0.045135393,,Europe
Iceland,ISL,2016,,0.051637029,,
Iceland,ISL,2017,,0.059664896,,
India,IND,2011,0.083298,0.077461629,1241491960,
India,IND,2012,0.0795967,0.076134471,1258350971,
India,IND,2013,0.0761092,0.074889695,1275137828,
India,IND,2014,0.072044,0.073633518,,
India,IND,2015,0.0688343,0.072645745,,Asia
India,IND,2016,0.0627661,0.072103143,,
India,IND,2017,,0.071980582,,
Indonesia,IDN,2011,0.25129,0.063741576,242325638,
Indonesia,IDN,2012,0.24135,0.064948229,244769110,
Indonesia,IDN,2013,0.22819,0.066051528,247188189,
Indonesia,IDN,2014,0.21282,0.067025086,,
Indonesia,IDN,2015,0.19977,0.067831313,,Asia
Indonesia,IDN,2016,0.18879,0.06840856,,
Indonesia,IDN,2017,,0.068740908,,
Iran,IRN,2011,0.07703,0.021046682,74798599,
Iran,IRN,2012,0.07409,0.023201724,75611798,
Iran,IRN,2013,0.07171,0.02571208,76407013,
Iran,IRN,2014,0.0694,0.028524354,,
Iran,IRN,2015,0.06663,0.031568208,,Asia
Iran,IRN,2016,0.06445,0.034819988,,
Iran,IRN,2017,,0.038287092,,
Iraq,IRQ,2011,,0.003790993,32664942,
Iraq,IRQ,2012,,0.00400954,33703068,
Iraq,IRQ,2013,,0.004236886,34776205,
Iraq,IRQ,2014,,0.004472023,,
Iraq,IRQ,2015,,0.004722228,,Asia
Iraq,IRQ,2016,,0.004993027,,
Iraq,IRQ,2017,,0.005277658,,
Ireland,IRL,2011,0.07043,0.107629302,4525802,
Ireland,IRL,2012,0.06883,0.109490978,4579498,
Ireland,IRL,2013,0.06739,0.11122607,4631391,
Ireland,IRL,2014,0.0659,0.11283216,,
Ireland,IRL,2015,0.06476,0.114008841,,Europe
Ireland,IRL,2016,0.06377,0.114986188,,
Ireland,IRL,2017,,0.115707934,,
Isle of Man,IMN,2011,,,83327,
Isle of Man,IMN,2012,,,83739,
Isle of Man,IMN,2013,,,84111,
Isle of Man,IMN,2015,,,,Europe
Israel,ISR,2011,,0.076078401,7562194,
Israel,ISR,2012,,0.075900061,7694670,
Israel,ISR,2013,,0.075961456,7818860,
Israel,ISR,2014,,0.076138263,,
Israel,ISR,2015,,0.076352028,,Asia
Israel,ISR,2016,,0.076565107,,
Israel,ISR,2017,,0.076839608,,
Italy,ITA,2011,0.06362,0.093529531,60788694,
Italy,ITA,2012,0.06316,0.096039886,60964145,
Italy,ITA,2013,0.06271,0.099315177,61087395,
Italy,ITA,2014,0.06224,0.103207959,,
Italy,ITA,2015,0.06174,0.107579,,Europe
Italy,ITA,2016,0.06128,0.112591846,,
Italy,ITA,2017,,0.117849766,,
Jamaica,JAM,2016,0.62809,0.456978197,,
Jamaica,JAM,2011,,0.423535119,2751273,
Jamaica,JAM,2012,,0.430425322,2761331,
Jamaica,JAM,2013,,0.437525097,2771179,
Jamaica,JAM,2014,,0.444775286,,
Jamaica,JAM,2015,,0.451530986,,North America
Jamaica,JAM,2017,,0.460543899,,
Japan,JPN,2011,,0.011824839,126497241,
Japan,JPN,2012,,0.011698841,126434653,
Japan,JPN,2013,,0.011582941,126345235,
Japan,JPN,2014,,0.01148379,,
Japan,JPN,2015,,0.01148674,,Asia
Japan,JPN,2016,,0.011533975,,
Japan,JPN,2017,,0.011395397,,
Jersey,JEY,2015,,,,Europe
Jordan,JOR,2011,0.00343,0.005313974,6330169,
Jordan,JOR,2012,0.00347,0.005329854,6457260,
Jordan,JOR,2013,0.00352,0.005331659,6572903,
Jordan,JOR,2014,0.00357,0.005296384,,
Jordan,JOR,2015,0.00357,0.005245162,,Asia
Jordan,JOR,2016,0.00344,0.005164255,,
Jordan,JOR,2017,,0.005041265,,
Kazakhstan,KAZ,2011,0.14204,0.058800807,16206750,
Kazakhstan,KAZ,2012,0.14942,0.067694495,16381297,
Kazakhstan,KAZ,2013,0.15593,0.078830194,16550975,
Kazakhstan,KAZ,2014,0.16135,0.091837301,,
Kazakhstan,KAZ,2015,0.16561,0.106467343,,Asia
Kazakhstan,KAZ,2016,0.16076,0.122479319,,
Kazakhstan,KAZ,2017,,0.139742732,,
Kenya,KEN,2011,2.05136,2.315775141,41609728,
Kenya,KEN,2012,2.02162,2.243877007,42749418,
Kenya,KEN,2013,1.95843,2.173504656,43923719,
Kenya,KEN,2014,1.79822,2.103058461,,
Kenya,KEN,2015,1.5921,2.035372441,,Africa
Kenya,KEN,2016,1.4635,1.974242688,,
Kenya,KEN,2017,,1.92000066,,
Kiribati,KIR,2011,,0.005442673,101093,
Kiribati,KIR,2012,,0.005494793,102660,
Kiribati,KIR,2013,,0.005554758,104251,
Kiribati,KIR,2014,,0.005624931,,
Kiribati,KIR,2015,,0.00570739,,Oceania
Kiribati,KIR,2016,,0.005804332,,
Kiribati,KIR,2017,,0.005923912,,
Kosovo,OWID_KOS,2015,,,,Europe
Kuwait,KWT,2011,0.01381,0.00356524,2818042,
Kuwait,KWT,2012,0.01472,0.003562694,2891553,
Kuwait,KWT,2013,0.01544,0.003565002,2959015,
Kuwait,KWT,2014,0.01626,0.003572744,,
Kuwait,KWT,2015,0.01694,0.003581996,,Asia
Kuwait,KWT,2016,0.0177,0.003595161,,
Kuwait,KWT,2017,,0.003606414,,
Kyrgyzstan,KGZ,2011,0.16398,0.095967467,5392580,
Kyrgyzstan,KGZ,2012,0.16045,0.102104686,5448085,
Kyrgyzstan,KGZ,2013,0.17088,0.108896715,5503253,
Kyrgyzstan,KGZ,2014,0.16949,0.116382278,,
Kyrgyzstan,KGZ,2015,0.15255,0.124472048,,Asia
Kyrgyzstan,KGZ,2016,0.13329,0.132993148,,
Kyrgyzstan,KGZ,2017,,0.141920733,,
Laos,LAO,2011,0.16159,0.149108562,6288037,
Laos,LAO,2012,0.15081,0.143053917,6373934,
Laos,LAO,2013,0.13851,0.136921068,6458911,
Laos,LAO,2014,0.12774,0.130897825,,
Laos,LAO,2015,0.11613,0.125107617,,Asia
Laos,LAO,2016,0.10227,0.119731748,,
Laos,LAO,2017,,0.115045785,,
Latin America,,2011,0.17887,,,
Latin America,,2012,0.17694,,,
Latin America,,2013,0.175099,,,
Latin America,,2014,0.173441,,,
Latin America,,2015,0.171411,,,
Latin America,,2016,0.169103,,,
Latin America and Caribbean,,2011,,0.249358877,,
Latin America and Caribbean,,2012,,0.254138404,,
Latin America and Caribbean,,2013,,0.259233083,,
Latin America and Caribbean,,2014,,0.264405502,,
Latin America and Caribbean,,2015,,0.269479555,,
Latin America and Caribbean,,2016,,0.274181922,,
Latin America and Caribbean,,2017,,0.278339302,,
Latvia,LVA,2011,0.24759,0.139303247,2243142,
Latvia,LVA,2012,0.24435,0.150115232,2234572,
Latvia,LVA,2013,0.24097,0.163717266,2226260,
Latvia,LVA,2014,0.23772,0.179445104,,
Latvia,LVA,2015,0.23482,0.196759857,,Europe
Latvia,LVA,2016,0.23261,0.215552284,,
Latvia,LVA,2017,,0.235231042,,
Lebanon,LBN,2011,0.02576,0.020151895,4259405,
Lebanon,LBN,2012,0.02522,0.021258826,4291719,
Lebanon,LBN,2013,0.02473,0.022712187,4324060,
Lebanon,LBN,2014,0.02451,0.024131478,,
Lebanon,LBN,2015,0.02416,0.02575319,,Asia
Lebanon,LBN,2016,0.02394,0.027681122,,
Lebanon,LBN,2017,,0.029875928,,
Lesotho,LSO,2011,13.583,10.95645928,2193843,
Lesotho,LSO,2012,14.0983,10.36969658,2216850,
Lesotho,LSO,2013,14.0655,9.704015134,2240126,
Lesotho,LSO,2014,13.7593,8.971561866,,
Lesotho,LSO,2015,13.4476,8.185298545,,Africa
Lesotho,LSO,2016,12.6807,7.358090809,,
Lesotho,LSO,2017,,6.503053752,,
Liberia,LBR,2011,0.65388,0.381449909,4128572,
Liberia,LBR,2012,0.68613,0.378464887,4244684,
Liberia,LBR,2013,0.74248,0.385781936,4348740,
Liberia,LBR,2014,0.75129,0.401861156,,
Liberia,LBR,2015,0.69833,0.426012258,,Africa
Liberia,LBR,2016,0.66398,0.458593107,,
Liberia,LBR,2017,,0.49957027,,
Libya,LBY,2011,,0.01869576,6422772,
Libya,LBY,2012,,0.019624616,6469497,
Libya,LBY,2013,,0.020793017,6506095,
Libya,LBY,2014,,0.022195975,,
Libya,LBY,2015,,0.023778395,,Africa
Libya,LBY,2016,,0.025505212,,
Libya,LBY,2017,,0.027338775,,
Liechtenstein,LIE,2011,,,36304,
Liechtenstein,LIE,2012,,,36584,
Liechtenstein,LIE,2013,,,36871,
Liechtenstein,LIE,2015,,,,Europe
Lithuania,LTU,2011,0.08873,0.051429913,3307481,
Lithuania,LTU,2012,0.09012,0.051128154,3292454,
Lithuania,LTU,2013,0.09097,0.050749652,3278337,
Lithuania,LTU,2014,0.09114,0.05018322,,
Lithuania,LTU,2015,0.09135,0.049419144,,Europe
Lithuania,LTU,2016,0.09144,0.048522999,,
Lithuania,LTU,2017,,0.047461997,,
Low SDI,,2011,,0.508007945,,
Low SDI,,2012,,0.484865572,,
Low SDI,,2013,,0.457936427,,
Low SDI,,2014,,0.428774178,,
Low SDI,,2015,,0.398619329,,
Low SDI,,2016,,0.368041436,,
Low SDI,,2017,,0.338117367,,
Low-middle SDI,,2011,,0.477957272,,
Low-middle SDI,,2012,,0.460892764,,
Low-middle SDI,,2013,,0.442860972,,
Low-middle SDI,,2014,,0.42446454,,
Low-middle SDI,,2015,,0.406407351,,
Low-middle SDI,,2016,,0.389152614,,
Low-middle SDI,,2017,,0.373229607,,
Luxembourg,LUX,2011,0.19008,0.116340032,515941,
Luxembourg,LUX,2012,0.19045,0.12105985,523362,
Luxembourg,LUX,2013,0.1904,0.127047973,530018,
Luxembourg,LUX,2014,0.18967,0.134154025,,
Luxembourg,LUX,2015,0.18546,0.142407037,,Europe
Luxembourg,LUX,2016,0.1832,0.151786504,,
Luxembourg,LUX,2017,,0.161865349,,
Macao,MAC,2011,,,555731,
Macao,MAC,2012,,,567441,
Macao,MAC,2013,,,578844,
Macao,MAC,2015,,,,Asia
Madagascar,MDG,2011,0.12088,0.090741279,21315135,
Madagascar,MDG,2012,0.13229,0.106975204,21928518,
Madagascar,MDG,2013,0.14351,0.133592479,22555046,
Madagascar,MDG,2014,0.15418,0.170136065,,
Madagascar,MDG,2015,0.16528,0.216510237,,Africa
Madagascar,MDG,2016,0.1783,0.27229137,,
Madagascar,MDG,2017,,0.337023573,,
Malawi,MWI,2011,4.01368,3.420532872,15380888,
Malawi,MWI,2012,3.54997,3.080013537,15882815,
Malawi,MWI,2013,3.15447,2.754068285,16406945,
Malawi,MWI,2014,2.86825,2.445433321,,
Malawi,MWI,2015,2.53391,2.158496069,,Africa
Malawi,MWI,2016,2.29457,1.896057165,,
Malawi,MWI,2017,,1.663580973,,
Malaysia,MYS,2011,0.2898,0.124811031,28859154,
Malaysia,MYS,2012,0.26618,0.125971094,29321798,
Malaysia,MYS,2013,0.24108,0.127459425,29787203,
Malaysia,MYS,2014,0.22111,0.130047332,,
Malaysia,MYS,2015,0.19309,0.133903673,,Asia
Malaysia,MYS,2016,0.18719,0.138050086,,
Malaysia,MYS,2017,,0.142717531,,
Maldives,MDV,2011,,0.002791587,320081,
Maldives,MDV,2012,,0.002734306,324313,
Maldives,MDV,2013,,0.002687963,328551,
Maldives,MDV,2014,,0.002653273,,
Maldives,MDV,2015,,0.002637392,,Asia
Maldives,MDV,2016,,0.002634639,,
Maldives,MDV,2017,,0.00264732,,
Mali,MLI,2011,0.40882,0.538664803,15839538,
Mali,MLI,2012,0.39877,0.510390526,16318897,
Mali,MLI,2013,0.40727,0.484151261,16808242,
Mali,MLI,2014,0.38465,0.458423244,,
Mali,MLI,2015,0.35198,0.433074667,,Africa
Mali,MLI,2016,0.33161,0.408196027,,
Mali,MLI,2017,,0.384007243,,
Malta,MLT,2016,0.05762,0.220886477,,
Malta,MLT,2011,,0.172270282,417855,
Malta,MLT,2012,,0.183637864,419212,
Malta,MLT,2013,,0.194705617,420557,
Malta,MLT,2014,,0.20462135,,
Malta,MLT,2015,,0.213273263,,Europe
Malta,MLT,2017,,0.226588216,,
Marshall Islands,MHL,2011,,0.075458997,54816,
Marshall Islands,MHL,2012,,0.08241258,55717,
Marshall Islands,MHL,2013,,0.090847211,56687,
Marshall Islands,MHL,2014,,0.100607609,,
Marshall Islands,MHL,2015,,0.111520062,,Oceania
Marshall Islands,MHL,2016,,0.123408002,,
Marshall Islands,MHL,2017,,0.136133619,,
Martinique,MTQ,2011,,,407121,
Martinique,MTQ,2012,,,408302,
Martinique,MTQ,2013,,,409366,
Martinique,MTQ,2015,,,,North America
Mauritania,MRT,2016,0.12008,0.018963688,,
Mauritania,MRT,2011,,0.022298675,3541540,
Mauritania,MRT,2012,,0.021985843,3622961,
Mauritania,MRT,2013,,0.021505863,3704414,
Mauritania,MRT,2014,,0.020849698,,
Mauritania,MRT,2015,,0.020005429,,Africa
Mauritania,MRT,2017,,0.017712733,,
Mauritius,MUS,2011,,0.251010222,1306593,
Mauritius,MUS,2012,,0.254091979,1313803,
Mauritius,MUS,2013,,0.255946748,1320785,
Mauritius,MUS,2014,,0.255651089,,
Mauritius,MUS,2015,,0.252455046,,Africa
Mauritius,MUS,2016,,0.245625488,,
Mauritius,MUS,2017,,0.234495114,,
Mayotte,MYT,2011,,,210552,
Mayotte,MYT,2012,,,217172,
Mayotte,MYT,2013,,,223907,
Mayotte,MYT,2015,,,,Africa
Mecklenburg Schwerin,OWID_MEC,2015,,,,Europe
Mexico,MEX,2011,0.10692,0.134110709,114793341,
Mexico,MEX,2012,0.10511,0.137447534,116146768,
Mexico,MEX,2013,0.10312,0.141314136,117478371,
Mexico,MEX,2014,0.10163,0.145416286,,
Mexico,MEX,2015,0.09983,0.149524392,,North America
Mexico,MEX,2016,0.09879,0.153358171,,
Mexico,MEX,2017,,0.156722954,,
Micronesia (country),FSM,2011,,0.37952113,,
Micronesia (country),FSM,2012,,0.416552202,,
Micronesia (country),FSM,2013,,0.468426168,,
Micronesia (country),FSM,2014,,0.529324141,,
Micronesia (country),FSM,2015,,0.594994709,,Oceania
Micronesia (country),FSM,2016,,0.656820671,,
Micronesia (country),FSM,2017,,0.71300882,,
Middle East and North Africa,,2011,0.052084,,,
Middle East and North Africa,,2012,0.050734,,,
Middle East and North Africa,,2013,0.049426,,,
Middle East and North Africa,,2014,0.04825,,,
Middle East and North Africa,,2015,0.047293,,,
Middle East and North Africa,,2016,0.046255,,,
Middle SDI,,2011,,0.33557781,,
Middle SDI,,2012,,0.326770919,,
Middle SDI,,2013,,0.315590855,,
Middle SDI,,2014,,0.301953551,,
Middle SDI,,2015,,0.286114503,,
Middle SDI,,2016,,0.268365919,,
Middle SDI,,2017,,0.249016725,,
Modena,OWID_MOD,2015,,,,Europe
Moldova,MDA,2011,0.31294,0.165020487,3544864,
Moldova,MDA,2012,0.32041,0.169829204,3519266,
Moldova,MDA,2013,0.332222,0.175737232,3495657,
Moldova,MDA,2014,0.346487,0.182591346,,
Moldova,MDA,2015,0.361452,0.190291365,,Europe
Moldova,MDA,2016,0.378377,0.198879437,,
Moldova,MDA,2017,,0.208108335,,
Monaco,MCO,2011,,,35427,
Monaco,MCO,2012,,,35444,
Monaco,MCO,2013,,,35456,
Monaco,MCO,2015,,,,Europe
Mongolia,MNG,2011,0.01882,0.016371415,2800114,
Mongolia,MNG,2012,0.01745,0.017129944,2844081,
Mongolia,MNG,2013,0.01579,0.017814134,2887863,
Mongolia,MNG,2014,0.0142,0.018367613,,
Mongolia,MNG,2015,0.01301,0.018735634,,Asia
Mongolia,MNG,2016,0.01224,0.01881418,,
Mongolia,MNG,2017,,0.018505581,,
Montenegro,MNE,2011,0.06338,0.009511261,632261,
Montenegro,MNE,2012,0.07138,0.009721165,632796,
Montenegro,MNE,2013,0.0801,0.009927992,633167,
Montenegro,MNE,2014,0.09048,0.010122653,,
Montenegro,MNE,2015,0.10186,0.010292076,,Europe
Montenegro,MNE,2016,0.1147,0.010445139,,
Montenegro,MNE,2017,,0.010561788,,
Montserrat,MSR,2011,,,5990,
Montserrat,MSR,2012,,,6046,
Montserrat,MSR,2013,,,6100,
Montserrat,MSR,2015,,,,North America
Morocco,MAR,2011,0.04909,0.039687966,32272974,
Morocco,MAR,2012,0.04502,0.03818943,32598536,
Morocco,MAR,2013,0.04097,0.036672543,32925553,
Morocco,MAR,2014,0.03678,0.035173551,,
Morocco,MAR,2015,0.03342,0.033748695,,Africa
Morocco,MAR,2016,0.0282,0.032415272,,
Morocco,MAR,2017,,0.031242715,,
Mozambique,MOZ,2011,7.37144,7.240257629,23929708,
Mozambique,MOZ,2012,6.81504,6.949106626,24475186,
Mozambique,MOZ,2013,5.90109,6.575006325,25028313,
Mozambique,MOZ,2014,4.86019,6.126713339,,
Mozambique,MOZ,2015,4.27189,5.612093491,,Africa
Mozambique,MOZ,2016,3.6349,5.041277905,,
Mozambique,MOZ,2017,,4.429790279,,
Myanmar,MMR,2011,0.29256,0.27288068,48336763,
Myanmar,MMR,2012,0.27498,0.25445352,48724387,
Myanmar,MMR,2013,0.26219,0.236747539,49119646,
Myanmar,MMR,2014,0.24743,0.220265285,,
Myanmar,MMR,2015,0.23418,0.205616471,,Asia
Myanmar,MMR,2016,0.21643,0.193294857,,
Myanmar,MMR,2017,,0.183849878,,
Nagorno-Karabakh,OWID_NAG,2015,,,,Asia
Namibia,NAM,2011,5.70603,5.00766687,2324004,
Namibia,NAM,2012,5.54627,4.75581895,2364433,
Namibia,NAM,2013,5.34515,4.528553132,2404477,
Namibia,NAM,2014,4.9223,4.331696081,,
Namibia,NAM,2015,4.81702,4.171492386,,Africa
Namibia,NAM,2016,4.36909,4.056481918,,
Namibia,NAM,2017,,3.994964576,,
Nauru,NRU,2011,,,10308,
Nauru,NRU,2012,,,10370,
Nauru,NRU,2013,,,10437,
Nauru,NRU,2015,,,,Oceania
Nepal,NPL,2011,0.07463,0.13238132,30485798,
Nepal,NPL,2012,0.06397,0.120554355,31011137,
Nepal,NPL,2013,0.05533,0.109201493,31535507,
Nepal,NPL,2014,0.04817,0.098620586,,
Nepal,NPL,2015,0.04073,0.089121044,,Asia
Nepal,NPL,2016,0.03343,0.081082385,,
Nepal,NPL,2017,,0.074902371,,
Netherlands,NLD,2011,0.0604,0.054058609,16664746,
Netherlands,NLD,2012,0.05541,0.050610572,16714228,
Netherlands,NLD,2013,0.04849,0.046986435,16761552,
Netherlands,NLD,2014,0.03937,0.043220253,,
Netherlands,NLD,2015,0.02796,0.039312923,,Europe
Netherlands,NLD,2016,0.02794,0.035314717,,
Netherlands,NLD,2017,,0.031169398,,
Netherlands Antilles,ANT,2015,,,,North America
New Caledonia,NCL,2011,,,254816,
New Caledonia,NCL,2012,,,258735,
New Caledonia,NCL,2013,,,262605,
New Caledonia,NCL,2015,,,,Oceania
New Zealand,NZL,2011,,0.044636734,4414509,
New Zealand,NZL,2012,,0.044459542,4461257,
New Zealand,NZL,2013,,0.044174819,4508166,
New Zealand,NZL,2014,,0.043769589,,
New Zealand,NZL,2015,,0.043232433,,Oceania
New Zealand,NZL,2016,,0.042579392,,
New Zealand,NZL,2017,,0.041736408,,
Nicaragua,NIC,2011,0.08534,0.253699213,5869859,
Nicaragua,NIC,2012,0.08254,0.264696068,5954898,
Nicaragua,NIC,2013,0.08018,0.275564257,6041763,
Nicaragua,NIC,2014,0.07596,0.285680838,,
Nicaragua,NIC,2015,0.07028,0.294498571,,North America
Nicaragua,NIC,2016,0.06486,0.301521078,,
Nicaragua,NIC,2017,,0.306275088,,
Niger,NER,2011,0.12739,0.095440142,16068994,
Niger,NER,2012,0.12144,0.090000389,16644339,
Niger,NER,2013,0.11434,0.085941785,17239826,
Niger,NER,2014,0.10678,0.083620933,,
Niger,NER,2015,0.10565,0.083416735,,Africa
Niger,NER,2016,0.08824,0.085751702,,
Niger,NER,2017,,0.09103538,,
Nigeria,NGA,2011,1.46659,1.657821761,162470737,
Nigeria,NGA,2012,1.40912,1.568502615,166629383,
Nigeria,NGA,2013,1.34643,1.473073507,170901148,
Nigeria,NGA,2014,1.28525,1.373193198,,
Nigeria,NGA,2015,1.26872,1.269469321,,Africa
Nigeria,NGA,2016,1.23152,1.161856037,,
Nigeria,NGA,2017,,1.051073583,,
Niue,NIU,2011,,,1426,
Niue,NIU,2012,,,1385,
Niue,NIU,2013,,,1346,
Niue,NIU,2015,,,,Oceania
Norfolk Island,NFK,2015,,,,Oceania
North Africa and Middle East,,2011,,0.03197142,,
North Africa and Middle East,,2012,,0.031912226,,
North Africa and Middle East,,2013,,0.031684462,,
North Africa and Middle East,,2014,,0.031309632,,
North Africa and Middle East,,2015,,0.030781165,,
North Africa and Middle East,,2016,,0.030086593,,
North Africa and Middle East,,2017,,0.029234186,,
North America,,2011,,0.122207381,,
North America,,2012,,0.124178678,,
North America,,2013,,0.127423657,,
North America,,2014,,0.131895625,,
North America,,2015,,0.137388154,,
North America,,2016,,0.144063701,,
North America,,2017,,0.151874779,,
North Korea,PRK,2011,,0.046056346,24451285,
North Korea,PRK,2012,,0.045651495,24553672,
North Korea,PRK,2013,,0.045408729,24654358,
North Korea,PRK,2014,,0.045336046,,
North Korea,PRK,2015,,0.045440769,,Asia
North Korea,PRK,2016,,0.045725486,,
North Korea,PRK,2017,,0.046246485,,
North Macedonia,MKD,2011,0.01258,0.003980898,2063893,
North Macedonia,MKD,2012,0.0134,0.004051852,2066785,
North Macedonia,MKD,2013,0.01426,0.004117248,2069219,
North Macedonia,MKD,2014,0.01516,0.004171876,,
North Macedonia,MKD,2015,0.01616,0.004219982,,Europe
North Macedonia,MKD,2016,0.01714,0.004265429,,
North Macedonia,MKD,2017,,0.004290434,,
Northern Cyprus,OWID_CYN,2015,,,,Asia
Northern Ireland,,2011,,0.13637306,,
Northern Ireland,,2012,,0.137628647,,
Northern Ireland,,2013,,0.138670791,,
Northern Ireland,,2014,,0.139440074,,
Northern Ireland,,2015,,0.13972827,,
Northern Ireland,,2016,,0.139606883,,
Northern Ireland,,2017,,0.139074449,,
Northern Mariana Islands,MNP,2011,,0.010898553,61174,
Northern Mariana Islands,MNP,2012,,0.011315545,62152,
Northern Mariana Islands,MNP,2013,,0.011942009,63597,
Northern Mariana Islands,MNP,2014,,0.012778502,,
Northern Mariana Islands,MNP,2015,,0.013826282,,Oceania
Northern Mariana Islands,MNP,2016,,0.015084005,,
Northern Mariana Islands,MNP,2017,,0.01646365,,
Norway,NOR,2011,,0.047022853,4924848,
Norway,NOR,2012,,0.047648994,4960482,
Norway,NOR,2013,,0.048563764,4991997,
Norway,NOR,2014,,0.049763724,,
Norway,NOR,2015,,0.051320171,,Europe
Norway,NOR,2016,,0.053246367,,
Norway,NOR,2017,,0.055482439,,
Oceania,,2011,,0.230455625,,
Oceania,,2012,,0.228595915,,
Oceania,,2013,,0.229379654,,
Oceania,,2014,,0.233846852,,
Oceania,,2015,,0.243070265,,
Oceania,,2016,,0.258076606,,
Oceania,,2017,,0.280018797,,
Oman,OMN,2011,,0.068907914,2846145,
Oman,OMN,2012,,0.078843223,2904037,
Oman,OMN,2013,,0.087597916,2957333,
Oman,OMN,2014,,0.096383152,,
Oman,OMN,2015,,0.106737301,,Asia
Oman,OMN,2016,,0.119244846,,
Oman,OMN,2017,,0.131197062,,
Pakistan,PAK,2011,0.08244,0.04993996,176745364,
Pakistan,PAK,2012,0.08609,0.053730868,179951140,
Pakistan,PAK,2013,0.08974,0.057383542,183188847,
Pakistan,PAK,2014,0.09412,0.060855994,,
Pakistan,PAK,2015,0.09791,0.064118136,,Asia
Pakistan,PAK,2016,0.1011,0.067062574,,
Pakistan,PAK,2017,,0.069583077,,
Palau,PLW,2011,,,20609,
Palau,PLW,2012,,,20758,
Palau,PLW,2013,,,20922,
Palau,PLW,2015,,,,Oceania
Palestine,PSE,2011,,0.003416868,,
Palestine,PSE,2012,,0.003490943,,
Palestine,PSE,2013,,0.003582328,,
Palestine,PSE,2014,,0.003689703,,
Palestine,PSE,2015,,0.00381585,,Asia
Palestine,PSE,2016,,0.003958047,,
Palestine,PSE,2017,,0.004114463,,
Panama,PAN,2011,0.34226,0.343456093,3571185,
Panama,PAN,2012,0.3422,0.358817477,3624991,
Panama,PAN,2013,0.3393,0.37726021,3678264,
Panama,PAN,2014,0.3404,0.398447771,,
Panama,PAN,2015,0.33899,0.422195574,,North America
Panama,PAN,2016,0.33889,0.448548325,,
Panama,PAN,2017,,0.477141657,,
Papua New Guinea,PNG,2011,0.39346,0.284077446,7013829,
Papua New Guinea,PNG,2012,0.39,0.278987401,7170112,
Papua New Guinea,PNG,2013,0.38028,0.277102854,7327281,
Papua New Guinea,PNG,2014,0.37459,0.279877089,,
Papua New Guinea,PNG,2015,0.37557,0.288746721,,Oceania
Papua New Guinea,PNG,2016,0.36835,0.30511768,,
Papua New Guinea,PNG,2017,,0.330442069,,
Paraguay,PRY,2011,0.20588,0.270511751,6568290,
Paraguay,PRY,2012,0.20951,0.27218196,6682943,
Paraguay,PRY,2013,0.21158,0.271089158,6798236,
Paraguay,PRY,2014,0.20699,0.266939272,,
Paraguay,PRY,2015,0.2029,0.259997221,,South America
Paraguay,PRY,2016,0.19637,0.249734654,,
Paraguay,PRY,2017,,0.236563704,,
Parma,OWID_PMA,2015,,,,Europe
Peru,PER,2016,0.08759,0.213290441,,
Peru,PER,2011,,0.222310829,29399817,
Peru,PER,2012,,0.224653007,29733829,
Peru,PER,2013,,0.225649245,30075185,
Peru,PER,2014,,0.224186782,,
Peru,PER,2015,,0.219982425,,South America
Peru,PER,2017,,0.204233451,,
Philippines,PHL,2011,0.04978,0.114661093,94852030,
Philippines,PHL,2012,0.05708,0.119261334,96471461,
Philippines,PHL,2013,0.06885,0.12368503,98112780,
Philippines,PHL,2014,0.0837,0.127889254,,
Philippines,PHL,2015,0.09591,0.131746201,,Asia
Philippines,PHL,2016,0.10552,0.13514131,,
Philippines,PHL,2017,,0.137811542,,
Pitcairn,PCN,2015,,,,Oceania
Poland,POL,2011,,0.017695062,38298949,
Poland,POL,2012,,0.017653681,38317090,
Poland,POL,2013,,0.017634694,38331803,
Poland,POL,2014,,0.017639168,,
Poland,POL,2015,,0.017668592,,Europe
Poland,POL,2016,,0.017719693,,
Poland,POL,2017,,0.01779607,,
Portugal,PRT,2011,,0.536802255,10689663,
Portugal,PRT,2012,,0.538778849,10699333,
Portugal,PRT,2013,,0.554307669,10704534,
Portugal,PRT,2014,,0.581919911,,
Portugal,PRT,2015,,0.61898477,,Europe
Portugal,PRT,2016,,0.663312753,,
Portugal,PRT,2017,,0.714573083,,
Puerto Rico,PRI,2011,,0.042992018,3745526,
Puerto Rico,PRI,2012,,0.044166247,3743380,
Puerto Rico,PRI,2013,,0.045672359,3742334,
Puerto Rico,PRI,2014,,0.047466731,,
Puerto Rico,PRI,2015,,0.049489515,,North America
Puerto Rico,PRI,2016,,0.051676308,,
Puerto Rico,PRI,2017,,0.054008528,,
Qatar,QAT,2011,0.02039,0.003871321,1870041,
Qatar,QAT,2012,0.02117,0.003900544,1938754,
Qatar,QAT,2013,0.02191,0.003919078,1976840,
Qatar,QAT,2014,0.02259,0.003903763,,
Qatar,QAT,2015,0.02322,0.003863663,,Asia
Qatar,QAT,2016,0.02383,0.003831325,,
Qatar,QAT,2017,,0.003822518,,
Republic of Vietnam,OWID_RVN,2015,,,,Asia
Reunion,REU,2011,,,855849,
Reunion,REU,2012,,,865479,
Reunion,REU,2013,,,874944,
Reunion,REU,2015,,,,Africa
Romania,ROU,2011,0.03635,0.056845305,21436495,
Romania,ROU,2012,0.0361,0.055058055,21387517,
Romania,ROU,2013,0.036,0.053079508,21338815,
Romania,ROU,2014,0.03591,0.050965171,,
Romania,ROU,2015,0.03591,0.048670491,,Europe
Romania,ROU,2016,0.03596,0.046277483,,
Romania,ROU,2017,,0.043705535,,
Russia,RUS,2011,,0.484416898,142835555,
Russia,RUS,2012,,0.55116628,142703181,
Russia,RUS,2013,,0.624001273,142557892,
Russia,RUS,2014,,0.701164474,,
Russia,RUS,2015,,0.781856726,,Europe
Russia,RUS,2016,,0.865238001,,
Russia,RUS,2017,,0.94974749,,
Rwanda,RWA,2011,0.93238,1.079002738,10942950,
Rwanda,RWA,2012,0.95527,1.02613537,11271786,
Rwanda,RWA,2013,0.80482,0.949311962,11608439,
Rwanda,RWA,2014,0.75897,0.856158871,,
Rwanda,RWA,2015,0.73591,0.752193862,,Africa
Rwanda,RWA,2016,0.70368,0.634379349,,
Rwanda,RWA,2017,,0.503565343,,
Saint Barthlemy,BLM,2015,,,,North America
Saint Helena,SHN,2011,,,4055,
Saint Helena,SHN,2012,,,4005,
Saint Helena,SHN,2013,,,3970,
Saint Helena,SHN,2015,,,,Africa
Saint Kitts and Nevis,KNA,2011,,,53051,
Saint Kitts and Nevis,KNA,2012,,,53697,
Saint Kitts and Nevis,KNA,2013,,,54338,
Saint Kitts and Nevis,KNA,2015,,,,North America
Saint Lucia,LCA,2011,,0.050495274,176044,
Saint Lucia,LCA,2012,,0.050965817,177794,
Saint Lucia,LCA,2013,,0.051275557,179515,
Saint Lucia,LCA,2014,,0.051390359,,
Saint Lucia,LCA,2015,,0.051248684,,North America
Saint Lucia,LCA,2016,,0.050712993,,
Saint Lucia,LCA,2017,,0.049714276,,
Saint Martin (French part),MAF,2015,,,,North America
Saint Pierre and Miquelon,SPM,2015,,,,North America
Saint Vincent and the Grenadines,VCT,2011,,0.205723034,109365,
Saint Vincent and the Grenadines,VCT,2012,,0.206469981,109367,
Saint Vincent and the Grenadines,VCT,2013,,0.205675406,109354,
Saint Vincent and the Grenadines,VCT,2014,,0.203194573,,
Saint Vincent and the Grenadines,VCT,2015,,0.198878484,,North America
Saint Vincent and the Grenadines,VCT,2016,,0.192341615,,
Saint Vincent and the Grenadines,VCT,2017,,0.183522626,,
Samoa,WSM,2011,,0.074471115,183874,
Samoa,WSM,2012,,0.081248531,184772,
Samoa,WSM,2013,,0.089587684,185727,
Samoa,WSM,2014,,0.099032251,,
Samoa,WSM,2015,,0.109322908,,Oceania
Samoa,WSM,2016,,0.120619954,,
Samoa,WSM,2017,,0.132941597,,
San Marino,SMR,2011,,,31735,
San Marino,SMR,2012,,,31945,
San Marino,SMR,2013,,,32156,
San Marino,SMR,2015,,,,Europe
Sao Tome and Principe,STP,2011,,0.006089884,168526,
Sao Tome and Principe,STP,2012,,0.00612785,171878,
Sao Tome and Principe,STP,2013,,0.006236012,175383,
Sao Tome and Principe,STP,2014,,0.006430104,,
Sao Tome and Principe,STP,2015,,0.00672689,,Africa
Sao Tome and Principe,STP,2016,,0.007143545,,
Sao Tome and Principe,STP,2017,,0.007703068,,
Saudi Arabia,SAU,2011,0.02442,0.018370518,28082541,
Saudi Arabia,SAU,2012,0.02372,0.018477295,28705133,
Saudi Arabia,SAU,2013,0.02221,0.018626841,29319402,
Saudi Arabia,SAU,2014,0.02165,0.018812806,,
Saudi Arabia,SAU,2015,0.02105,0.019027301,,Asia
Saudi Arabia,SAU,2016,0.02082,0.019267306,,
Saudi Arabia,SAU,2017,,0.019528944,,
Saxony,OWID_SAX,2015,,,,Europe
Scotland,,2011,,0.121025023,,
Scotland,,2012,,0.122205217,,
Scotland,,2013,,0.123625362,,
Scotland,,2014,,0.125135225,,
Scotland,,2015,,0.126662968,,
Scotland,,2016,,0.128369491,,
Scotland,,2017,,0.129935825,,
Senegal,SEN,2011,0.12622,0.254018976,12767556,
Senegal,SEN,2012,0.11074,0.242197894,13107945,
Senegal,SEN,2013,0.09792,0.23104345,13454191,
Senegal,SEN,2014,0.09668,0.220724288,,
Senegal,SEN,2015,0.08447,0.211329731,,Africa
Senegal,SEN,2016,0.07508,0.202864202,,
Senegal,SEN,2017,,0.195418195,,
Serbia,SRB,2011,0.01512,0.018722687,9853969,
Serbia,SRB,2012,0.01647,0.01814297,9846582,
Serbia,SRB,2013,0.01807,0.017483018,9835010,
Serbia,SRB,2014,0.01996,0.016771298,,
Serbia,SRB,2015,0.02231,0.016075686,,Europe
Serbia,SRB,2016,0.02503,0.015361892,,
Serbia,SRB,2017,,0.014680301,,
Serbia and Montenegro,OWID_SRM,2015,,,,Europe
Serbia excluding Kosovo,OWID_SEK,2015,,,,Europe
Seychelles,SYC,2011,,0.072147535,86879,
Seychelles,SYC,2012,,0.071052124,87169,
Seychelles,SYC,2013,,0.069450682,87417,
Seychelles,SYC,2014,,0.067321772,,
Seychelles,SYC,2015,,0.064660833,,Africa
Seychelles,SYC,2016,,0.061423099,,
Seychelles,SYC,2017,,0.057637574,,
Sierra Leone,SLE,2016,0.85641,0.387657252,,
Sierra Leone,SLE,2011,,0.519006106,5997486,
Sierra Leone,SLE,2012,,0.48302234,6126450,
Sierra Leone,SLE,2013,,0.451431313,6255163,
Sierra Leone,SLE,2014,,0.424669818,,
Sierra Leone,SLE,2015,,0.403080692,,Africa
Sierra Leone,SLE,2017,,0.378323765,,
Singapore,SGP,2011,,0.028517061,5187933,
Singapore,SGP,2012,,0.02836333,5256278,
Singapore,SGP,2013,,0.028414641,5300914,
Singapore,SGP,2014,,0.028635715,,
Singapore,SGP,2015,,0.029079605,,Asia
Singapore,SGP,2016,,0.029682592,,
Singapore,SGP,2017,,0.03031536,,
Sint Maarten (Dutch part),SXM,2015,,,,North America
Slovakia,SVK,2011,0.01281,0.004682437,5471502,
Slovakia,SVK,2012,0.0138,0.004717117,5480332,
Slovakia,SVK,2013,0.01502,0.004714922,5488775,
Slovakia,SVK,2014,0.01624,0.004674295,,
Slovakia,SVK,2015,0.01755,0.004589375,,Europe
Slovakia,SVK,2016,0.01899,0.00444969,,
Slovakia,SVK,2017,,0.004241425,,
Slovenia,SVN,2011,0.02534,0.005767903,2035012,
Slovenia,SVN,2012,0.02594,0.00581837,2040057,
Slovenia,SVN,2013,0.02649,0.005847967,2044766,
Slovenia,SVN,2014,0.02702,0.005846616,,
Slovenia,SVN,2015,0.02748,0.005804819,,Europe
Slovenia,SVN,2016,0.0279,0.005713481,,
Slovenia,SVN,2017,,0.005551497,,
Solomon Islands,SLB,2011,,0.070927785,552267,
Solomon Islands,SLB,2012,,0.076831521,566481,
Solomon Islands,SLB,2013,,0.084190431,580791,
Solomon Islands,SLB,2014,,0.092839569,,
Solomon Islands,SLB,2015,,0.102637888,,Oceania
Solomon Islands,SLB,2016,,0.113429546,,
Solomon Islands,SLB,2017,,0.125078367,,
Somalia,SOM,2011,0.2104,0.186821445,9556873,
Somalia,SOM,2012,0.19986,0.176013943,9797445,
Somalia,SOM,2013,0.19067,0.166389655,10052842,
Somalia,SOM,2014,0.18269,0.157654399,,
Somalia,SOM,2015,0.17494,0.150539449,,Africa
Somalia,SOM,2016,0.16751,0.145075848,,
Somalia,SOM,2017,,0.141125466,,
Somaliland,OWID_SML,2015,,,,Africa
South Africa,ZAF,2011,7.77279,7.902441225,50459978,
South Africa,ZAF,2012,7.32984,7.596379254,50738255,
South Africa,ZAF,2013,6.83024,7.210012758,50981076,
South Africa,ZAF,2014,6.4435,6.748093304,,
South Africa,ZAF,2015,6.19238,6.221718156,,Africa
South Africa,ZAF,2016,5.5816,5.645839941,,
South Africa,ZAF,2017,,5.031511855,,
South Asia,,2011,,0.069008947,,
South Asia,,2012,,0.068208124,,
South Asia,,2013,,0.067466967,,
South Asia,,2014,,0.066705989,,
South Asia,,2015,,0.066142398,,
South Asia,,2016,,0.065907858,,
South Asia,,2017,,0.065976142,,
South Georgia and the South Sandwich Islands,SGS,2015,,,,South America
South Korea,KOR,2011,,0.027726843,48391343,
South Korea,KOR,2012,,0.027095955,48588326,
South Korea,KOR,2013,,0.026443615,48774767,
South Korea,KOR,2014,,0.025860218,,
South Korea,KOR,2015,,0.025456489,,Asia
South Korea,KOR,2016,,0.025115282,,
South Korea,KOR,2017,,0.024818831,,
South Ossetia,OWID_SOS,2015,,,,Asia
South Sudan,SSD,2011,1.60713,0.70287381,9897118,
South Sudan,SSD,2012,1.57715,0.661696519,10386101,
South Sudan,SSD,2013,1.52061,0.610580568,10881979,
South Sudan,SSD,2014,1.48088,0.558342993,,
South Sudan,SSD,2015,1.37089,0.506286842,,Africa
South Sudan,SSD,2016,1.35257,0.459758376,,
South Sudan,SSD,2017,,0.422784521,,
Southeast Asia,,2011,,0.169121953,,
Southeast Asia,,2012,,0.16573156,,
Southeast Asia,,2013,,0.161833553,,
Southeast Asia,,2014,,0.157283303,,
Southeast Asia,,2015,,0.152044063,,
Southeast Asia,,2016,,0.146295145,,
Southeast Asia,,2017,,0.140070476,,
"Southeast Asia, East Asia, and Oceania",,2011,,0.078992659,,
"Southeast Asia, East Asia, and Oceania",,2012,,0.076835847,,
"Southeast Asia, East Asia, and Oceania",,2013,,0.074342972,,
"Southeast Asia, East Asia, and Oceania",,2014,,0.071429678,,
"Southeast Asia, East Asia, and Oceania",,2015,,0.068137102,,
"Southeast Asia, East Asia, and Oceania",,2016,,0.064626668,,
"Southeast Asia, East Asia, and Oceania",,2017,,0.060839692,,
Southern Latin America,,2011,,0.233067703,,
Southern Latin America,,2012,,0.236884818,,
Southern Latin America,,2013,,0.241385118,,
Southern Latin America,,2014,,0.24672275,,
Southern Latin America,,2015,,0.251840798,,
Southern Latin America,,2016,,0.256483701,,
Southern Latin America,,2017,,0.26117607,,
Southern Sub-Saharan Africa,,2011,,7.176581006,,
Southern Sub-Saharan Africa,,2012,,6.884897006,,
Southern Sub-Saharan Africa,,2013,,6.531409665,,
Southern Sub-Saharan Africa,,2014,,6.125259627,,
Southern Sub-Saharan Africa,,2015,,5.679896241,,
Southern Sub-Saharan Africa,,2016,,5.211540115,,
Southern Sub-Saharan Africa,,2017,,4.733880167,,
Spain,ESP,2011,0.093,0.081127115,46454895,
Spain,ESP,2012,0.09161,0.086383624,46771596,
Spain,ESP,2013,0.09014,0.094031168,47042602,
Spain,ESP,2014,0.08871,0.103732707,,
Spain,ESP,2015,0.08737,0.115031118,,Europe
Spain,ESP,2016,0.0862,0.127572513,,
Spain,ESP,2017,,0.140818414,,
Sri Lanka,LKA,2011,0.01722,0.007316889,21045394,
Sri Lanka,LKA,2012,0.0192,0.007934551,21223550,
Sri Lanka,LKA,2013,0.02121,0.008738092,21393876,
Sri Lanka,LKA,2014,0.02335,0.009708738,,
Sri Lanka,LKA,2015,0.02573,0.010828544,,Asia
Sri Lanka,LKA,2016,0.02849,0.012082054,,
Sri Lanka,LKA,2017,,0.013458601,,
Sub-Saharan Africa,,2011,,1.818741904,,
Sub-Saharan Africa,,2012,,1.725202935,,
Sub-Saharan Africa,,2013,,1.622603251,,
Sub-Saharan Africa,,2014,,1.514098694,,
Sub-Saharan Africa,,2015,,1.402329272,,
Sub-Saharan Africa,,2016,,1.289665758,,
Sub-Saharan Africa,,2017,,1.179363672,,
Sudan,SDN,2011,0.14417,0.275629944,34735288,
Sudan,SDN,2012,0.14053,0.265331214,35335982,
Sudan,SDN,2013,0.13631,0.25099115,35940905,
Sudan,SDN,2014,0.13154,0.233241021,,
Sudan,SDN,2015,0.12889,0.212360488,,Africa
Sudan,SDN,2016,0.1259,0.188804407,,
Sudan,SDN,2017,,0.163191153,,
Suriname,SUR,2011,0.57242,0.377837734,529419,
Suriname,SUR,2012,0.59489,0.375918996,534175,
Suriname,SUR,2013,0.61321,0.374041661,538882,
Suriname,SUR,2014,0.62819,0.371159963,,
Suriname,SUR,2015,0.62613,0.368144507,,South America
Suriname,SUR,2016,0.61792,0.365358497,,
Suriname,SUR,2017,,0.362293092,,
Svalbard and Jan Mayen,SJM,2015,,,,Europe
Sweden,SWE,2011,0.05679,0.047871991,9440747,
Sweden,SWE,2012,0.05621,0.048821492,9495392,
Sweden,SWE,2013,0.05615,0.050421721,9545823,
Sweden,SWE,2014,0.05599,0.052558985,,
Sweden,SWE,2015,0.05578,0.055280637,,Europe
Sweden,SWE,2016,0.05551,0.058535526,,
Sweden,SWE,2017,,0.062288171,,
Switzerland,CHE,2011,,0.073840615,7701690,
Switzerland,CHE,2012,,0.073846261,7733709,
Switzerland,CHE,2013,,0.074013082,7761820,
Switzerland,CHE,2014,,0.074302656,,
Switzerland,CHE,2015,,0.074757105,,Europe
Switzerland,CHE,2016,,0.075343859,,
Switzerland,CHE,2017,,0.07609597,,
Syria,SYR,2011,,0.002602212,20766037,
Syria,SYR,2012,,0.002548395,21117690,
Syria,SYR,2013,,0.002481083,21468962,
Syria,SYR,2014,,0.002424481,,
Syria,SYR,2015,,0.002368309,,Asia
Syria,SYR,2016,,0.002338151,,
Syria,SYR,2017,,0.00230376,,
Taiwan,TWN,2011,,0.015996503,23072000,
Taiwan,TWN,2012,,0.014887646,23114000,
Taiwan,TWN,2013,,0.013679927,23151000,
Taiwan,TWN,2014,,0.012441377,,
Taiwan,TWN,2015,,0.011236789,,Asia
Taiwan,TWN,2016,,0.010058496,,
Taiwan,TWN,2017,,0.0089245,,
Tajikistan,TJK,2011,0.17049,0.037411677,6976958,
Tajikistan,TJK,2012,0.16256,0.040622795,7078755,
Tajikistan,TJK,2013,0.15711,0.044237527,7183529,
Tajikistan,TJK,2014,0.15069,0.04827235,,
Tajikistan,TJK,2015,0.14796,0.052689875,,Asia
Tajikistan,TJK,2016,0.14865,0.057351956,,
Tajikistan,TJK,2017,,0.062214251,,
Tanzania,TZA,2011,1.68405,1.180992775,46218486,
Tanzania,TZA,2012,1.60594,1.092793836,47656367,
Tanzania,TZA,2013,1.47622,1.017174515,49153002,
Tanzania,TZA,2014,1.37278,0.959463782,,
Tanzania,TZA,2015,1.27966,0.924003361,,Africa
Tanzania,TZA,2016,1.18705,0.914456535,,
Tanzania,TZA,2017,,0.934898052,,
Thailand,THA,2011,0.18225,0.474132529,69518555,
Thailand,THA,2012,0.16499,0.458383747,69892142,
Thailand,THA,2013,0.14752,0.440909097,70243267,
Thailand,THA,2014,0.13219,0.421157056,,
Thailand,THA,2015,0.11122,0.398883403,,Asia
Thailand,THA,2016,0.09734,0.374302593,,
Thailand,THA,2017,,0.347460805,,
Timor,TLS,2011,,0.235473532,,
Timor,TLS,2012,,0.228311518,,
Timor,TLS,2013,,0.221020691,,
Timor,TLS,2014,,0.213777914,,
Timor,TLS,2015,,0.206480455,,Asia
Timor,TLS,2016,,0.199967287,,
Timor,TLS,2017,,0.194332352,,
Togo,TGO,2011,0.800383,0.822003589,6154813,
Togo,TGO,2012,0.754573,0.743428356,6283092,
Togo,TGO,2013,0.71628,0.67218012,6412560,
Togo,TGO,2014,0.688963,0.610007336,,
Togo,TGO,2015,0.606304,0.558221091,,Africa
Togo,TGO,2016,0.591672,0.517844122,,
Togo,TGO,2017,,0.490153131,,
Tokelau,TKL,2011,,,1134,
Tokelau,TKL,2012,,,1136,
Tokelau,TKL,2013,,,1141,
Tokelau,TKL,2015,,,,Oceania
Tonga,TON,2011,,0.018574484,104509,
Tonga,TON,2012,,0.019300641,104891,
Tonga,TON,2013,,0.020193026,105265,
Tonga,TON,2014,,0.021240145,,
Tonga,TON,2015,,0.0224248,,Oceania
Tonga,TON,2016,,0.023731156,,
Tonga,TON,2017,,0.025137378,,
Transnistria,OWID_TRS,2015,,,,Europe
Trinidad and Tobago,TTO,2011,0.35542,0.384674373,1346350,
Trinidad and Tobago,TTO,2012,0.32798,0.374987558,1350999,
Trinidad and Tobago,TTO,2013,0.3165,0.363153274,1355342,
Trinidad and Tobago,TTO,2014,0.30109,0.349328179,,
Trinidad and Tobago,TTO,2015,0.29372,0.333656844,,North America
Trinidad and Tobago,TTO,2016,0.28527,0.316315721,,
Trinidad and Tobago,TTO,2017,,0.297414793,,
Tropical Latin America,,2011,,0.325030198,,
Tropical Latin America,,2012,,0.334755126,,
Tropical Latin America,,2013,,0.3451465,,
Tropical Latin America,,2014,,0.355960178,,
Tropical Latin America,,2015,,0.367039445,,
Tropical Latin America,,2016,,0.377984955,,
Tropical Latin America,,2017,,0.38845652,,
Tunisia,TUN,2011,0.02452,0.030770957,10594057,
Tunisia,TUN,2012,0.02583,0.031790298,10704948,
Tunisia,TUN,2013,0.02676,0.032916225,10813680,
Tunisia,TUN,2014,0.02689,0.034078781,,
Tunisia,TUN,2015,0.02774,0.035232494,,Africa
Tunisia,TUN,2016,0.02918,0.036401679,,
Tunisia,TUN,2017,,0.037630312,,
Turkey,TUR,2011,,0.005372953,73639596,
Turkey,TUR,2012,,0.005462383,74508771,
Turkey,TUR,2013,,0.005547509,75359032,
Turkey,TUR,2014,,0.005634999,,
Turkey,TUR,2015,,0.005731091,,Asia
Turkey,TUR,2016,,0.005820008,,
Turkey,TUR,2017,,0.005890167,,
Turkmenistan,TKM,2011,,0.0237085,5105301,
Turkmenistan,TKM,2012,,0.02407432,5169660,
Turkmenistan,TKM,2013,,0.024929502,5234640,
Turkmenistan,TKM,2014,,0.026214675,,
Turkmenistan,TKM,2015,,0.027867026,,Asia
Turkmenistan,TKM,2016,,0.029868151,,
Turkmenistan,TKM,2017,,0.032181088,,
Turks and Caicos Islands,TCA,2011,,,39184,
Turks and Caicos Islands,TCA,2012,,,39761,
Turks and Caicos Islands,TCA,2013,,,40159,
Turks and Caicos Islands,TCA,2015,,,,North America
Tuscany,OWID_TUS,2015,,,,Europe
Tuvalu,TUV,2011,,,9847,
Tuvalu,TUV,2012,,,9867,
Tuvalu,TUV,2013,,,9888,
Tuvalu,TUV,2015,,,,Oceania
Two Sicilies,OWID_SIC,2015,,,,Europe
USSR,OWID_USS,2015,,,,Europe
Uganda,UGA,2011,3.23815,3.431626865,34509205,
Uganda,UGA,2012,2.79175,3.229920619,35620977,
Uganda,UGA,2013,2.37255,2.927957742,36759274,
Uganda,UGA,2014,1.8737,2.54162403,,
Uganda,UGA,2015,1.62068,2.087411013,,Africa
Uganda,UGA,2016,1.50074,1.578895188,,
Uganda,UGA,2017,,1.030390051,,
Ukraine,UKR,2011,0.37215,0.188874971,45190180,
Ukraine,UKR,2012,0.38258,0.222023227,44940268,
Ukraine,UKR,2013,0.3809,0.273898354,44696741,
Ukraine,UKR,2014,0.37705,0.342313571,,
Ukraine,UKR,2015,0.37685,0.425239214,,Europe
Ukraine,UKR,2016,0.38284,0.520413505,,
Ukraine,UKR,2017,,0.624544025,,
United Arab Emirates,ARE,2011,,0.020788052,7890924,
United Arab Emirates,ARE,2012,,0.021676073,8105873,
United Arab Emirates,ARE,2013,,0.022685869,8207940,
United Arab Emirates,ARE,2014,,0.023713619,,
United Arab Emirates,ARE,2015,,0.02462114,,Asia
United Arab Emirates,ARE,2016,,0.02496056,,
United Arab Emirates,ARE,2017,,0.024358933,,
United Kingdom,GBR,2011,,0.096006329,62417431,
United Kingdom,GBR,2012,,0.096447261,62798099,
United Kingdom,GBR,2013,,0.097524741,63177406,
United Kingdom,GBR,2014,,0.099238775,,
United Kingdom,GBR,2015,,0.101446799,,Europe
United Kingdom,GBR,2016,,0.10426432,,
United Kingdom,GBR,2017,,0.107285142,,
United Korea,OWID_KRU,2015,,,,Asia
United States,USA,2011,,0.128531359,313085380,
United States,USA,2012,,0.13041309,315791284,
United States,USA,2013,,0.133579952,318497630,
United States,USA,2014,,0.137988251,,
United States,USA,2015,,0.143414414,,North America
United States,USA,2016,,0.150042666,,
United States,USA,2017,,0.157818405,,
United States Minor Outlying Islands,UMI,2015,,,,Oceania
United States Virgin Islands,VIR,2011,,0.120558993,,
United States Virgin Islands,VIR,2012,,0.123897812,,
United States Virgin Islands,VIR,2013,,0.127445788,,
United States Virgin Islands,VIR,2014,,0.131029313,,
United States Virgin Islands,VIR,2015,,0.134439632,,North America
United States Virgin Islands,VIR,2016,,0.137391847,,
United States Virgin Islands,VIR,2017,,0.13971161,,
Uruguay,URY,2016,0.14583,0.211238295,,
Uruguay,URY,2011,,0.118351714,3380008,
Uruguay,URY,2012,,0.127008195,3391428,
Uruguay,URY,2013,,0.141138712,3403117,
Uruguay,URY,2014,,0.160227959,,
Uruguay,URY,2015,,0.183842743,,South America
Uruguay,URY,2017,,0.242070895,,
Uzbekistan,UZB,2011,,0.028701427,27760267,
Uzbekistan,UZB,2012,,0.031298894,28077486,
Uzbekistan,UZB,2013,,0.035415584,28398155,
Uzbekistan,UZB,2014,,0.041137779,,
Uzbekistan,UZB,2015,,0.048521693,,Asia
Uzbekistan,UZB,2016,,0.057484567,,
Uzbekistan,UZB,2017,,0.068131326,,
Vanuatu,VUT,2011,,0.110629406,245619,
Vanuatu,VUT,2012,,0.11666083,251674,
Vanuatu,VUT,2013,,0.12264947,257812,
Vanuatu,VUT,2014,,0.128073928,,
Vanuatu,VUT,2015,,0.132286032,,Oceania
Vanuatu,VUT,2016,,0.134283978,,
Vanuatu,VUT,2017,,0.133325776,,
Vatican,VAT,2015,,,,Europe
Venezuela,VEN,2011,0.24761,0.208408193,29436891,
Venezuela,VEN,2012,0.24179,0.214785505,29890694,
Venezuela,VEN,2013,0.2355,0.222439528,30340637,
Venezuela,VEN,2014,0.22865,0.231931301,,
Venezuela,VEN,2015,0.22083,0.242850498,,South America
Venezuela,VEN,2016,0.21438,0.254150577,,
Venezuela,VEN,2017,,0.265829799,,
Vietnam,VNM,2011,0.18024,0.277485077,88791996,
Vietnam,VNM,2012,0.16695,0.270814874,89730274,
Vietnam,VNM,2013,0.15257,0.261291872,90656550,
Vietnam,VNM,2014,0.14081,0.249005897,,
Vietnam,VNM,2015,0.1314,0.23413319,,Asia
Vietnam,VNM,2016,0.11809,0.21719953,,
Vietnam,VNM,2017,,0.198412219,,
Wales,,2011,,0.123273081,,
Wales,,2012,,0.125274936,,
Wales,,2013,,0.127325529,,
Wales,,2014,,0.129241683,,
Wales,,2015,,0.130721257,,
Wales,,2016,,0.132084973,,
Wales,,2017,,0.132879127,,
Wallis and Futuna,WLF,2015,,,,Oceania
West Germany,OWID_GFR,2015,,,,Europe
West and Central Africa,,2011,0.947127,,,
West and Central Africa,,2012,0.906747,,,
West and Central Africa,,2013,0.86292,,,
West and Central Africa,,2014,0.825938,,,
West and Central Africa,,2015,0.796663,,,
West and Central Africa,,2016,0.761788,,,
Western & Central Europe and North America,,2011,0.081754,,,
Western & Central Europe and North America,,2012,0.080032,,,
Western & Central Europe and North America,,2013,0.077253,,,
Western & Central Europe and North America,,2014,0.076493,,,
Western & Central Europe and North America,,2015,0.076005,,,
Western & Central Europe and North America,,2016,0.075486,,,
Western Europe,,2011,,0.08917085,,
Western Europe,,2012,,0.090424067,,
Western Europe,,2013,,0.092608891,,
Western Europe,,2014,,0.095581614,,
Western Europe,,2015,,0.099204905,,
Western Europe,,2016,,0.103377372,,
Western Europe,,2017,,0.107896276,,
Western Sahara,ESH,2011,,,548377,
Western Sahara,ESH,2012,,,566613,
Western Sahara,ESH,2013,,,585270,
Western Sahara,ESH,2015,,,,Africa
Western Sub-Saharan Africa,,2011,,1.152405766,,
Western Sub-Saharan Africa,,2012,,1.094866741,,
Western Sub-Saharan Africa,,2013,,1.037330316,,
Western Sub-Saharan Africa,,2014,,0.981273212,,
Western Sub-Saharan Africa,,2015,,0.927696185,,
Western Sub-Saharan Africa,,2016,,0.877194375,,
Western Sub-Saharan Africa,,2017,,0.830790127,,
World,OWID_WRL,2011,0.312703,0.309423525,,
World,OWID_WRL,2012,0.302089,0.302281991,,
World,OWID_WRL,2013,0.289585,0.293927406,,
World,OWID_WRL,2014,0.276623,0.284619457,,
World,OWID_WRL,2015,0.267105,0.274733781,,
World,OWID_WRL,2016,0.255506,0.264475526,,
World,OWID_WRL,2017,,0.254182323,,
Wuerttemburg,OWID_WRT,2015,,,,Europe
Yemen,YEM,2011,0.03437,0.022498048,,
Yemen,YEM,2012,0.03586,0.023785889,,
Yemen,YEM,2013,0.0373,0.025495461,,
Yemen,YEM,2014,0.03864,0.027566209,,
Yemen,YEM,2015,0.03973,0.029940488,,Asia
Yemen,YEM,2016,0.04142,0.032608442,,
Yemen,YEM,2017,,0.035553784,,
Yemen Arab Republic,OWID_YAR,2015,,,,Asia
Yemen People's Republic,OWID_YPR,2015,,,,Asia
Yugoslavia,OWID_YGS,2015,,,,Europe
Zambia,ZMB,2011,5.45789,3.980329554,13474959,
Zambia,ZMB,2012,5.21123,3.711250925,13883577,
Zambia,ZMB,2013,5.17518,3.457224248,14314515,
Zambia,ZMB,2014,4.95181,3.223802757,,
Zambia,ZMB,2015,4.40816,3.016117894,,Africa
Zambia,ZMB,2016,4.07886,2.838456892,,
Zambia,ZMB,2017,,2.697458742,,
Zanzibar,OWID_ZAN,2015,,,,Africa
Zimbabwe,ZWE,2011,5.72027,3.380820651,12754378,
Zimbabwe,ZWE,2012,4.99943,3.275696474,13013678,
Zimbabwe,ZWE,2013,4.51031,3.219146056,13327925,
Zimbabwe,ZWE,2014,3.90576,3.228778382,,
Zimbabwe,ZWE,2015,3.43637,3.321896653,,Africa
Zimbabwe,ZWE,2016,3.02628,3.514602312,,
Zimbabwe,ZWE,2017,,3.823569065,,
land Islands,ALA,2015,,,,Europe